solar_depression_deg,relative_azimuth_deg,elevation_deg,wavelength_nm,bin_left_nm,bin_right_nm,solar_I_W_m2_sr_nm,total_I_W_m2_sr_nm,solar_Q_W_m2_sr_nm,solar_U_W_m2_sr_nm
0.0,0.0,0.0,400.0,380.0,420.0,0.00572298195514,0.00572298195514,0.000589240605082,-2.73902869633e-06
0.0,0.0,0.0,440.0,420.0,460.0,0.0103776151186,0.0103776151186,0.00102206067005,9.28655448959e-05
0.0,0.0,0.0,480.0,460.0,500.0,0.01549149511,0.01549149511,0.00121974683726,0.000208716250548
0.0,0.0,0.0,520.0,500.0,540.0,0.0198546178832,0.0198546178832,0.00110921707117,0.000271865450227
0.0,0.0,0.0,560.0,540.0,580.0,0.0238150261196,0.0238150261196,0.000901256055299,0.000281109155684
0.0,0.0,0.0,600.0,580.0,620.0,0.0292799862585,0.0292799862585,0.000770298478044,0.000284475646519
0.0,0.0,0.0,640.0,620.0,660.0,0.0470135428394,0.0470135428394,0.000908571666904,0.00037930508841
0.0,0.0,0.0,680.0,660.0,700.0,0.0690772420562,0.0690772420562,0.00101588791686,0.000458192802133
0.0,0.0,0.0,720.0,700.0,740.0,0.0860320703466,0.0860320703466,0.000992696607981,0.000467623132584
0.0,0.0,0.0,760.0,740.0,780.0,0.0996009027544,0.0996009027544,0.000927842472154,0.000445014710515
0.0,0.0,5.0,400.0,380.0,420.0,0.00556497545538,0.00556497545538,0.000659277244197,-2.29426497025e-05
0.0,0.0,5.0,440.0,420.0,460.0,0.0121234518289,0.0121234518289,0.00120557663838,3.6765992567e-05
0.0,0.0,5.0,480.0,460.0,500.0,0.021864716051,0.021864716051,0.00143146021421,0.000118406946852
0.0,0.0,5.0,520.0,500.0,540.0,0.0307840913974,0.0307840913974,0.00122632360089,0.000165668487069
0.0,0.0,5.0,560.0,540.0,580.0,0.0361425096135,0.0361425096135,0.000890107404243,0.000171103196824
0.0,0.0,5.0,600.0,580.0,620.0,0.0410265992423,0.0410265992423,0.000668991035305,0.000166911269824
0.0,0.0,5.0,640.0,620.0,660.0,0.0601980368553,0.0601980368553,0.00071002426066,0.000210942376274
0.0,0.0,5.0,680.0,660.0,700.0,0.0784270697884,0.0784270697884,0.000698444022803,0.000238250731628
0.0,0.0,5.0,720.0,700.0,740.0,0.0852065353236,0.0852065353236,0.000589657343606,0.000225611972424
0.0,0.0,5.0,760.0,740.0,780.0,0.0856827690113,0.0856827690113,0.000471820507305,0.000198539933601
0.0,0.0,30.0,400.0,380.0,420.0,0.00764030215545,0.00764030215545,0.000280761226608,-5.48836112194e-05
0.0,0.0,30.0,440.0,420.0,460.0,0.0116977232982,0.0116977232982,0.000112350389684,-5.17400767613e-05
0.0,0.0,30.0,480.0,460.0,500.0,0.0137864871776,0.0137864871776,-0.000184431516044,-2.82949254901e-05
0.0,0.0,30.0,520.0,500.0,540.0,0.0130684810683,0.0130684810683,-0.000386107095341,-2.87563732462e-06
0.0,0.0,30.0,560.0,540.0,580.0,0.0111861296205,0.0111861296205,-0.000445949065612,1.14721359167e-05
0.0,0.0,30.0,600.0,580.0,620.0,0.0101349946733,0.0101349946733,-0.000468293761195,1.71953377588e-05
0.0,0.0,30.0,640.0,620.0,660.0,0.0128397085293,0.0128397085293,-0.00065080979486,2.47802693652e-05
0.0,0.0,30.0,680.0,660.0,700.0,0.0150261001027,0.0150261001027,-0.000816215831207,2.97002833994e-05
0.0,0.0,30.0,720.0,700.0,740.0,0.0150647004309,0.0150647004309,-0.000865029877882,2.89000003128e-05
0.0,0.0,30.0,760.0,740.0,780.0,0.0142693721961,0.0142693721961,-0.000859244317874,2.56704872907e-05
0.0,0.0,90.0,400.0,380.0,420.0,0.00341744684006,0.00341744684006,-0.00211638396983,-0.000152337496126
0.0,0.0,90.0,440.0,420.0,460.0,0.00449398456663,0.00449398456663,-0.00306423760422,-0.000176438792405
0.0,0.0,90.0,480.0,460.0,500.0,0.00453548910998,0.00453548910998,-0.00327815659308,-0.000148882881136
0.0,0.0,90.0,520.0,500.0,540.0,0.00362226687445,0.00362226687445,-0.00270408922474,-9.77790256633e-05
0.0,0.0,90.0,560.0,540.0,580.0,0.0025816244775,0.0025816244775,-0.00195548456672,-5.71439396646e-05
0.0,0.0,90.0,600.0,580.0,620.0,0.0019689964249,0.0019689964249,-0.00149643698033,-3.64781036728e-05
0.0,0.0,90.0,640.0,620.0,660.0,0.00218015051976,0.00218015051976,-0.00165760126498,-3.5244772545e-05
0.0,0.0,90.0,680.0,660.0,700.0,0.00227519483633,0.00227519483633,-0.00172778415894,-3.24164288613e-05
0.0,0.0,90.0,720.0,700.0,740.0,0.00206909391219,0.00206909391219,-0.00156833636398,-2.61149750895e-05
0.0,0.0,90.0,760.0,740.0,780.0,0.00181029519131,0.00181029519131,-0.0013707486702,-2.03419182556e-05
0.0,90.0,0.0,400.0,380.0,420.0,0.00338161190251,0.00338161190251,0.00129113097433,-0.000102193803306
0.0,90.0,0.0,440.0,420.0,460.0,0.0054914444774,0.0054914444774,0.00245401814554,-0.000169706189357
0.0,90.0,0.0,480.0,460.0,500.0,0.00660290283989,0.00660290283989,0.00318441211251,-0.000216402997505
0.0,90.0,0.0,520.0,500.0,540.0,0.0061606526982,0.0061606526982,0.00307000131733,-0.000216342080632
0.0,90.0,0.0,560.0,540.0,580.0,0.00511886302215,0.00511886302215,0.00257425866424,-0.000191648986593
0.0,90.0,0.0,600.0,580.0,620.0,0.00462567149379,0.00462567149379,0.00233612595408,-0.000178893192137
0.0,90.0,0.0,640.0,620.0,660.0,0.00614908298901,0.00614908298901,0.00314862428804,-0.00023583890449
0.0,90.0,0.0,680.0,660.0,700.0,0.0077933984869,0.0077933984869,0.00407946885149,-0.000290470034707
0.0,90.0,0.0,720.0,700.0,740.0,0.00871833897427,0.00871833897427,0.0047084987551,-0.000309419274534
0.0,90.0,0.0,760.0,740.0,780.0,0.00945119859198,0.00945119859198,0.00530583281533,-0.00031383449993
0.0,90.0,5.0,400.0,380.0,420.0,0.00399035474745,0.00399035474745,0.00155710762563,-0.000125005942504
0.0,90.0,5.0,440.0,420.0,460.0,0.00713911163926,0.00713911163926,0.00349628126329,-0.00019761623281
0.0,90.0,5.0,480.0,460.0,500.0,0.00960974171829,0.00960974171829,0.00543734735134,-0.000231437308627
0.0,90.0,5.0,520.0,500.0,540.0,0.00988995649071,0.00988995649071,0.00610153405224,-0.000206650754305
0.0,90.0,5.0,560.0,540.0,580.0,0.00870412162675,0.00870412162675,0.005625976224,-0.000159717680372
0.0,90.0,5.0,600.0,580.0,620.0,0.00795023921351,0.00795023921351,0.00527569697868,-0.000128763874343
0.0,90.0,5.0,640.0,620.0,660.0,0.0103374117702,0.0103374117702,0.00702080392477,-0.000147963096674
0.0,90.0,5.0,680.0,660.0,700.0,0.0122878290728,0.0122878290728,0.00848239222765,-0.000160023311131
0.0,90.0,5.0,720.0,700.0,740.0,0.0124193096142,0.0124193096142,0.00867652798116,-0.00015127303948
0.0,90.0,5.0,760.0,740.0,780.0,0.0118526981114,0.0118526981114,0.00837023748157,-0.000137954499489
0.0,90.0,30.0,400.0,380.0,420.0,0.00545753635234,0.00545753635234,0.0030621193216,-0.000109698898125
0.0,90.0,30.0,440.0,420.0,460.0,0.00781314522125,0.00781314522125,0.00487315360076,-0.000141586444662
0.0,90.0,30.0,480.0,460.0,500.0,0.00832114068226,0.00832114068226,0.00551655587601,-0.000134374807593
0.0,90.0,30.0,520.0,500.0,540.0,0.00688542334612,0.00688542334612,0.00471806910029,-9.68706933122e-05
0.0,90.0,30.0,560.0,540.0,580.0,0.00502138916544,0.00502138916544,0.00349148803519,-6.02559121864e-05
0.0,90.0,30.0,600.0,580.0,620.0,0.00389532515415,0.00389532515415,0.00272184500056,-3.9497852919e-05
0.0,90.0,30.0,640.0,620.0,660.0,0.00437498151049,0.00437498151049,0.00307261844682,-3.82162786425e-05
0.0,90.0,30.0,680.0,660.0,700.0,0.00460430609063,0.00460430609063,0.00324703247539,-3.5563425396e-05
0.0,90.0,30.0,720.0,700.0,740.0,0.00420575691154,0.00420575691154,0.00297734025558,-2.96732895643e-05
0.0,90.0,30.0,760.0,740.0,780.0,0.00368670449993,0.00368670449993,0.00262292896049,-2.46356148625e-05
0.0,90.0,90.0,400.0,380.0,420.0,0.00341744684006,0.00341744684006,-0.00211638396983,-0.000152337496126
0.0,90.0,90.0,440.0,420.0,460.0,0.00449398456663,0.00449398456663,-0.00306423760422,-0.000176438792405
0.0,90.0,90.0,480.0,460.0,500.0,0.00453548910998,0.00453548910998,-0.00327815659308,-0.000148882881136
0.0,90.0,90.0,520.0,500.0,540.0,0.00362226687445,0.00362226687445,-0.00270408922474,-9.77790256633e-05
0.0,90.0,90.0,560.0,540.0,580.0,0.0025816244775,0.0025816244775,-0.00195548456672,-5.71439396646e-05
0.0,90.0,90.0,600.0,580.0,620.0,0.0019689964249,0.0019689964249,-0.00149643698033,-3.64781036728e-05
0.0,90.0,90.0,640.0,620.0,660.0,0.00218015051976,0.00218015051976,-0.00165760126498,-3.5244772545e-05
0.0,90.0,90.0,680.0,660.0,700.0,0.00227519483633,0.00227519483633,-0.00172778415894,-3.24164288613e-05
0.0,90.0,90.0,720.0,700.0,740.0,0.00206909391219,0.00206909391219,-0.00156833636398,-2.61149750895e-05
0.0,90.0,90.0,760.0,740.0,780.0,0.00181029519131,0.00181029519131,-0.0013707486702,-2.03419182556e-05
0.0,180.0,0.0,400.0,380.0,420.0,0.0036352869304,0.0036352869304,0.000404106803333,0.000191248215791
0.0,180.0,0.0,440.0,420.0,460.0,0.00607586448769,0.00607586448769,0.000739477540589,0.000340045545131
0.0,180.0,0.0,480.0,460.0,500.0,0.00738046048766,0.00738046048766,0.000898296816188,0.000422077189029
0.0,180.0,0.0,520.0,500.0,540.0,0.00676997581315,0.00676997581315,0.000802815917581,0.000380654111608
0.0,180.0,0.0,560.0,540.0,580.0,0.00535417659075,0.00535417659075,0.000611611144018,0.00028435864455
0.0,180.0,0.0,600.0,580.0,620.0,0.004508713136,0.004508713136,0.000493199606646,0.000218767514857
0.0,180.0,0.0,640.0,620.0,660.0,0.00558882700487,0.00558882700487,0.00058602495493,0.000244978215953
0.0,180.0,0.0,680.0,660.0,700.0,0.0065455460464,0.0065455460464,0.00064724977429,0.00025095206477
0.0,180.0,0.0,720.0,700.0,740.0,0.00675054473352,0.00675054473352,0.000615869830309,0.0002179474162
0.0,180.0,0.0,760.0,740.0,780.0,0.00679745428163,0.00679745428163,0.000560062047372,0.000178751679665
0.0,180.0,5.0,400.0,380.0,420.0,0.00454547046044,0.00454547046044,0.000601735291329,0.000176190743675
0.0,180.0,5.0,440.0,420.0,460.0,0.00841336161439,0.00841336161439,0.00110346882112,0.000292132253416
0.0,180.0,5.0,480.0,460.0,500.0,0.0118821228568,0.0118821228568,0.00130820827777,0.000335788991525
0.0,180.0,5.0,520.0,500.0,540.0,0.0127323958235,0.0127323958235,0.00110896442903,0.000277662501045
0.0,180.0,5.0,560.0,540.0,580.0,0.0113911288319,0.0113911288319,0.000783888969473,0.000188125376741
0.0,180.0,5.0,600.0,580.0,620.0,0.0104609932115,0.0104609932115,0.000577236343326,0.00013040709943
0.0,180.0,5.0,640.0,620.0,660.0,0.0138116393266,0.0138116393266,0.000618635235849,0.000131813724142
0.0,180.0,5.0,680.0,660.0,700.0,0.0164746388759,0.0164746388759,0.000610881076096,0.000121428520104
0.0,180.0,5.0,720.0,700.0,740.0,0.0164893171376,0.0164893171376,0.000516585107232,9.45132611617e-05
0.0,180.0,5.0,760.0,740.0,780.0,0.0154631981017,0.0154631981017,0.000415888977889,6.93943634693e-05
0.0,180.0,30.0,400.0,380.0,420.0,0.00720762376205,0.00720762376205,0.00028744199508,7.41138682791e-05
0.0,180.0,30.0,440.0,420.0,460.0,0.0107146295161,0.0107146295161,0.000142333332171,8.95384590772e-05
0.0,180.0,30.0,480.0,460.0,500.0,0.0116571858552,0.0116571858552,-0.000117346562353,8.00033771823e-05
0.0,180.0,30.0,520.0,500.0,540.0,0.00969861252663,0.00969861252663,-0.000275411306351,5.40405531109e-05
0.0,180.0,30.0,560.0,540.0,580.0,0.00700362144975,0.00700362144975,-0.00029636515751,3.08353871242e-05
0.0,180.0,30.0,600.0,580.0,620.0,0.00533621863982,0.00533621863982,-0.00028016863477,1.83448421343e-05
0.0,180.0,30.0,640.0,620.0,660.0,0.00590112847501,0.00590112847501,-0.000355772255542,1.63768359692e-05
0.0,180.0,30.0,680.0,660.0,700.0,0.0060823228932,0.0060823228932,-0.000406624504578,1.34951367571e-05
0.0,180.0,30.0,720.0,700.0,740.0,0.00541418701156,0.00541418701156,-0.000392760116709,9.41404915098e-06
0.0,180.0,30.0,760.0,740.0,780.0,0.00461328039711,0.00461328039711,-0.000358320234247,6.18616450435e-06
0.0,180.0,90.0,400.0,380.0,420.0,0.00341744684006,0.00341744684006,-0.00211638396983,-0.000152337496126
0.0,180.0,90.0,440.0,420.0,460.0,0.00449398456663,0.00449398456663,-0.00306423760422,-0.000176438792405
0.0,180.0,90.0,480.0,460.0,500.0,0.00453548910998,0.00453548910998,-0.00327815659308,-0.000148882881136
0.0,180.0,90.0,520.0,500.0,540.0,0.00362226687445,0.00362226687445,-0.00270408922474,-9.77790256633e-05
0.0,180.0,90.0,560.0,540.0,580.0,0.0025816244775,0.0025816244775,-0.00195548456672,-5.71439396646e-05
0.0,180.0,90.0,600.0,580.0,620.0,0.0019689964249,0.0019689964249,-0.00149643698033,-3.64781036728e-05
0.0,180.0,90.0,640.0,620.0,660.0,0.00218015051976,0.00218015051976,-0.00165760126498,-3.5244772545e-05
0.0,180.0,90.0,680.0,660.0,700.0,0.00227519483633,0.00227519483633,-0.00172778415894,-3.24164288613e-05
0.0,180.0,90.0,720.0,700.0,740.0,0.00206909391219,0.00206909391219,-0.00156833636398,-2.61149750895e-05
0.0,180.0,90.0,760.0,740.0,780.0,0.00181029519131,0.00181029519131,-0.0013707486702,-2.03419182556e-05
6.0,0.0,0.0,400.0,380.0,420.0,0.000673816320096,0.000673816320096,7.48937193329e-05,2.49474880181e-06
6.0,0.0,0.0,440.0,420.0,460.0,0.00114713694135,0.00114713694135,0.000131590686679,1.79387463174e-05
6.0,0.0,0.0,480.0,460.0,500.0,0.00147067121708,0.00147067121708,0.000157170174899,3.53376589286e-05
6.0,0.0,0.0,520.0,500.0,540.0,0.00147533321367,0.00147533321367,0.000141675204806,4.37389983231e-05
6.0,0.0,0.0,560.0,540.0,580.0,0.00129971231557,0.00129971231557,0.000111862598303,4.3506349576e-05
6.0,0.0,0.0,600.0,580.0,620.0,0.00119543741298,0.00119543741298,9.49624299229e-05,4.34090347859e-05
6.0,0.0,0.0,640.0,620.0,660.0,0.00154154507474,0.00154154507474,0.000118412407927,5.94426870046e-05
6.0,0.0,0.0,680.0,660.0,700.0,0.00182608501576,0.00182608501576,0.000137967907873,7.33845750637e-05
6.0,0.0,0.0,720.0,700.0,740.0,0.00184669784145,0.00184669784145,0.000138432062896,7.5836342021e-05
6.0,0.0,0.0,760.0,740.0,780.0,0.0017680150563,0.0017680150563,0.000132036714829,7.27867588275e-05
6.0,0.0,5.0,400.0,380.0,420.0,0.00048580697047,0.00048580697047,7.00949113754e-05,-7.94713300819e-07
6.0,0.0,5.0,440.0,420.0,460.0,0.000892710375304,0.000892710375304,0.000129878599732,5.60849787381e-06
6.0,0.0,5.0,480.0,460.0,500.0,0.0011849961375,0.0011849961375,0.000155795418754,1.33642388626e-05
6.0,0.0,5.0,520.0,500.0,540.0,0.00117037573026,0.00117037573026,0.000133500667146,1.71323640111e-05
6.0,0.0,5.0,560.0,540.0,580.0,0.000952547216887,0.000952547216887,9.56701888278e-05,1.66370680831e-05
6.0,0.0,5.0,600.0,580.0,620.0,0.000816546521657,0.000816546521657,7.17106373222e-05,1.58169570325e-05
6.0,0.0,5.0,640.0,620.0,660.0,0.00110823789938,0.00110823789938,7.74560596596e-05,2.0573725115e-05
6.0,0.0,5.0,680.0,660.0,700.0,0.00138313130783,0.00138313130783,7.64603968652e-05,2.38005037673e-05
6.0,0.0,5.0,720.0,700.0,740.0,0.00141561034962,0.00141561034962,6.44282943229e-05,2.27410708783e-05
6.0,0.0,5.0,760.0,740.0,780.0,0.00132977088746,0.00132977088746,5.15943028912e-05,2.00332864383e-05
6.0,0.0,30.0,400.0,380.0,420.0,0.000375250405819,0.000375250405819,6.74452397734e-05,-3.5058570634e-06
6.0,0.0,30.0,440.0,420.0,460.0,0.00047347788641,0.00047347788641,7.89199588772e-05,-2.81000335164e-06
6.0,0.0,30.0,480.0,460.0,500.0,0.000452787070631,0.000452787070631,6.58030443205e-05,-9.36023144614e-07
6.0,0.0,30.0,520.0,500.0,540.0,0.000343137853358,0.000343137853358,4.2012562958e-05,6.99885565861e-07
6.0,0.0,30.0,560.0,540.0,580.0,0.000227808002505,0.000227808002505,2.42283941177e-05,1.38820102394e-06
6.0,0.0,30.0,600.0,580.0,620.0,0.000165993226722,0.000165993226722,1.47778712076e-05,1.62373481229e-06
6.0,0.0,30.0,640.0,620.0,660.0,0.000193833837296,0.000193833837296,1.05711507345e-05,2.30151140348e-06
6.0,0.0,30.0,680.0,660.0,700.0,0.000213002062743,0.000213002062743,5.10614452552e-06,2.74994233339e-06
6.0,0.0,30.0,720.0,700.0,740.0,0.0001964460185,0.0001964460185,5.14167464312e-07,2.63726916186e-06
6.0,0.0,30.0,760.0,740.0,780.0,0.000169208183912,0.000169208183912,-2.15205812698e-06,2.30058615513e-06
6.0,0.0,90.0,400.0,380.0,420.0,0.00013739928528,0.00013739928528,-4.12784802343e-05,-1.1816665392e-05
6.0,0.0,90.0,440.0,420.0,460.0,0.000152129889644,0.000152129889644,-5.26495286836e-05,-1.34385893294e-05
6.0,0.0,90.0,480.0,460.0,500.0,0.000131993597519,0.000131993597519,-5.04741087067e-05,-1.12029579427e-05
6.0,0.0,90.0,520.0,500.0,540.0,9.2428857599e-05,9.2428857599e-05,-3.78773761343e-05,-7.28591412728e-06
6.0,0.0,90.0,560.0,540.0,580.0,5.75367828239e-05,5.75367828239e-05,-2.43347175455e-05,-4.18584620137e-06
6.0,0.0,90.0,600.0,580.0,620.0,3.95237169793e-05,3.95237169793e-05,-1.72484187147e-05,-2.65391435658e-06
6.0,0.0,90.0,640.0,620.0,660.0,4.35949180895e-05,4.35949180895e-05,-2.09907346344e-05,-2.63945391319e-06
6.0,0.0,90.0,680.0,660.0,700.0,4.58126629144e-05,4.58126629144e-05,-2.41136561126e-05,-2.50036808873e-06
6.0,0.0,90.0,720.0,700.0,740.0,4.09166586056e-05,4.09166586056e-05,-2.29172702711e-05,-2.04836333648e-06
6.0,0.0,90.0,760.0,740.0,780.0,3.4432421508e-05,3.4432421508e-05,-2.0176340964e-05,-1.60702748709e-06
6.0,90.0,0.0,400.0,380.0,420.0,0.000258016828691,0.000258016828691,9.65078706561e-05,-1.11523827977e-05
6.0,90.0,0.0,440.0,420.0,460.0,0.000405130421906,0.000405130421906,0.000176859155268,-1.64250625804e-05
6.0,90.0,0.0,480.0,460.0,500.0,0.000472888576348,0.000472888576348,0.000222825267626,-1.88109147083e-05
6.0,90.0,0.0,520.0,500.0,540.0,0.00042545472679,0.00042545472679,0.000207005333808,-1.73098044971e-05
6.0,90.0,0.0,560.0,540.0,580.0,0.000333207671634,0.000333207671634,0.000162978075867,-1.43003283023e-05
6.0,90.0,0.0,600.0,580.0,620.0,0.000277383553195,0.000277383553195,0.000134702463286,-1.27146126577e-05
6.0,90.0,0.0,640.0,620.0,660.0,0.000337232637006,0.000337232637006,0.000162859123907,-1.63861413008e-05
6.0,90.0,0.0,680.0,660.0,700.0,0.00038050871324,0.00038050871324,0.000182626577029,-1.96356403975e-05
6.0,90.0,0.0,720.0,700.0,740.0,0.000367695680082,0.000367695680082,0.0001755818368,-2.00816362255e-05
6.0,90.0,0.0,760.0,740.0,780.0,0.000336975783263,0.000336975783263,0.000160544731796,-1.93127630654e-05
6.0,90.0,5.0,400.0,380.0,420.0,0.000294573583859,0.000294573583859,0.000105961136796,-1.32428278746e-05
6.0,90.0,5.0,440.0,420.0,460.0,0.00046547392569,0.00046547392569,0.000193994484778,-1.83964898417e-05
6.0,90.0,5.0,480.0,460.0,500.0,0.000532155938774,0.000532155938774,0.000237407838426,-1.84560373765e-05
6.0,90.0,5.0,520.0,500.0,540.0,0.000458421526323,0.000458421526323,0.000209809128708,-1.39003990495e-05
6.0,90.0,5.0,560.0,540.0,580.0,0.000336491011899,0.000336491011899,0.000153636685618,-9.0592425845e-06
6.0,90.0,5.0,600.0,580.0,620.0,0.000260331300651,0.000260331300651,0.000117695693462,-6.08036493879e-06
6.0,90.0,5.0,640.0,620.0,660.0,0.000300318481842,0.000300318481842,0.000138546683222,-4.67975489755e-06
6.0,90.0,5.0,680.0,660.0,700.0,0.000324065220868,0.000324065220868,0.000154606806596,-1.94592431336e-06
6.0,90.0,5.0,720.0,700.0,740.0,0.000298071810273,0.000298071810273,0.000147012920345,8.68152791916e-07
6.0,90.0,5.0,760.0,740.0,780.0,0.000258548860478,0.000258548860478,0.000131528738308,2.76863700026e-06
6.0,90.0,30.0,400.0,380.0,420.0,0.000266693442709,0.000266693442709,8.9805704863e-05,-9.4190190816e-06
6.0,90.0,30.0,440.0,420.0,460.0,0.000326596697602,0.000326596697602,0.000119137465342,-9.65375844645e-06
6.0,90.0,30.0,480.0,460.0,500.0,0.000302784195892,0.000302784195892,0.000114843547109,-6.97832443027e-06
6.0,90.0,30.0,520.0,500.0,540.0,0.000221838607829,0.000221838607829,8.53956983887e-05,-3.53564481173e-06
6.0,90.0,30.0,560.0,540.0,580.0,0.000143160206928,0.000143160206928,5.43256374607e-05,-1.43669355565e-06
6.0,90.0,30.0,600.0,580.0,620.0,0.000100725797705,0.000100725797705,3.79438329781e-05,-3.191708766e-07
6.0,90.0,30.0,640.0,620.0,660.0,0.000110465576923,0.000110465576923,4.46859210297e-05,1.08929752914e-06
6.0,90.0,30.0,680.0,660.0,700.0,0.000114576589984,0.000114576589984,5.0064124385e-05,2.59519833491e-06
6.0,90.0,30.0,720.0,700.0,740.0,0.00010125362384,0.00010125362384,4.69186179812e-05,3.30781242879e-06
6.0,90.0,30.0,760.0,740.0,780.0,8.44726205833e-05,8.44726205833e-05,4.09906927643e-05,3.41702631994e-06
6.0,90.0,90.0,400.0,380.0,420.0,0.00013739928528,0.00013739928528,-4.12655593271e-05,-1.20515676646e-05
6.0,90.0,90.0,440.0,420.0,460.0,0.000152129889644,0.000152129889644,-5.26289514126e-05,-1.38126840018e-05
6.0,90.0,90.0,480.0,460.0,500.0,0.000131993597519,0.000131993597519,-5.04506379432e-05,-1.16297969697e-05
6.0,90.0,90.0,520.0,500.0,540.0,9.2428857599e-05,9.2428857599e-05,-3.78581200543e-05,-7.63616006354e-06
6.0,90.0,90.0,560.0,540.0,580.0,5.75367828239e-05,5.75367828239e-05,-2.43230873692e-05,-4.39721729307e-06
6.0,90.0,90.0,600.0,580.0,620.0,3.95237169793e-05,3.95237169793e-05,-1.72404269934e-05,-2.79887488076e-06
6.0,90.0,90.0,640.0,620.0,660.0,4.35949180895e-05,4.35949180895e-05,-2.09787683313e-05,-2.85612309175e-06
6.0,90.0,90.0,680.0,660.0,700.0,4.58126629144e-05,4.58126629144e-05,-2.40981351519e-05,-2.78092429219e-06
6.0,90.0,90.0,720.0,700.0,740.0,4.09166586056e-05,4.09166586056e-05,-2.29019392831e-05,-2.32498675393e-06
6.0,90.0,90.0,760.0,740.0,780.0,3.4432421508e-05,3.4432421508e-05,-2.01627930214e-05,-1.85103370749e-06
6.0,180.0,0.0,400.0,380.0,420.0,3.38008346315e-05,3.38008346315e-05,6.78698261196e-06,6.3231694669e-07
6.0,180.0,0.0,440.0,420.0,460.0,3.89441856323e-05,3.89441856323e-05,7.93512897822e-06,5.54421173313e-07
6.0,180.0,0.0,480.0,460.0,500.0,3.37208951561e-05,3.37208951561e-05,6.68417723189e-06,3.76089626089e-07
6.0,180.0,0.0,520.0,500.0,540.0,2.30039964362e-05,2.30039964362e-05,4.39013991441e-06,2.10818092537e-07
6.0,180.0,0.0,560.0,540.0,580.0,1.31753564459e-05,1.31753564459e-05,2.45257114887e-06,1.00099670542e-07
6.0,180.0,0.0,600.0,580.0,620.0,8.77199113833e-06,8.77199113833e-06,1.58363256208e-06,5.40258437958e-08
6.0,180.0,0.0,640.0,620.0,660.0,1.16162882078e-05,1.16162882078e-05,2.00439943303e-06,7.19023022505e-08
6.0,180.0,0.0,680.0,660.0,700.0,1.43556017475e-05,1.43556017475e-05,2.45483296326e-06,8.65411484203e-08
6.0,180.0,0.0,720.0,700.0,740.0,1.42046295548e-05,1.42046295548e-05,2.45723481596e-06,7.55785204366e-08
6.0,180.0,0.0,760.0,740.0,780.0,1.28314074408e-05,1.28314074408e-05,2.26252131752e-06,5.38466261433e-08
6.0,180.0,5.0,400.0,380.0,420.0,0.000254978034182,0.000254978034182,3.57915480351e-05,9.87673344586e-06
6.0,180.0,5.0,440.0,420.0,460.0,0.000381934018324,0.000381934018324,5.71708893541e-05,1.53599496855e-05
6.0,180.0,5.0,480.0,460.0,500.0,0.000415676977254,0.000415676977254,6.2052654078e-05,1.70479090102e-05
6.0,180.0,5.0,520.0,500.0,540.0,0.000340595605314,0.000340595605314,4.98777891843e-05,1.38663705257e-05
6.0,180.0,5.0,560.0,540.0,580.0,0.000237328049502,0.000237328049502,3.40682314153e-05,9.36838845984e-06
6.0,180.0,5.0,600.0,580.0,620.0,0.000173902658849,0.000173902658849,2.47242838502e-05,6.50331227134e-06
6.0,180.0,5.0,640.0,620.0,660.0,0.000187202202163,0.000187202202163,2.68314403224e-05,6.53815983069e-06
6.0,180.0,5.0,680.0,660.0,700.0,0.000186040211336,0.000186040211336,2.70581218053e-05,6.00298574442e-06
6.0,180.0,5.0,720.0,700.0,740.0,0.000157666551155,0.000157666551155,2.33502262501e-05,4.67923111066e-06
6.0,180.0,5.0,760.0,740.0,780.0,0.000126777438376,0.000126777438376,1.91733435063e-05,3.45175400555e-06
6.0,180.0,30.0,400.0,380.0,420.0,0.000238522423531,0.000238522423531,4.76134126817e-05,3.96994432543e-06
6.0,180.0,30.0,440.0,420.0,460.0,0.000292219322843,0.000292219322843,6.00433315049e-05,4.85616367861e-06
6.0,180.0,30.0,480.0,460.0,500.0,0.000269832841475,0.000269832841475,5.43400597216e-05,4.46262687493e-06
6.0,180.0,30.0,520.0,500.0,540.0,0.000194968388811,0.000194968388811,3.76981354639e-05,3.10601867266e-06
6.0,180.0,30.0,560.0,540.0,580.0,0.000122918687338,0.000122918687338,2.29078330843e-05,1.83076040138e-06
6.0,180.0,30.0,600.0,580.0,620.0,8.38620816848e-05,8.38620816848e-05,1.49791408424e-05,1.11558680186e-06
6.0,180.0,30.0,640.0,620.0,660.0,8.93401488562e-05,8.93401488562e-05,1.43413970895e-05,1.00336975361e-06
6.0,180.0,30.0,680.0,660.0,700.0,9.04341443944e-05,9.04341443944e-05,1.27286025364e-05,8.34487265312e-07
6.0,180.0,30.0,720.0,700.0,740.0,7.84500259393e-05,7.84500259393e-05,9.75905062308e-06,5.91640439624e-07
6.0,180.0,30.0,760.0,740.0,780.0,6.45864122612e-05,6.45864122612e-05,7.18772542376e-06,3.96987007973e-07
6.0,180.0,90.0,400.0,380.0,420.0,0.00013739928528,0.00013739928528,-4.12784802343e-05,-1.1816665392e-05
6.0,180.0,90.0,440.0,420.0,460.0,0.000152129889644,0.000152129889644,-5.26495286836e-05,-1.34385893294e-05
6.0,180.0,90.0,480.0,460.0,500.0,0.000131993597519,0.000131993597519,-5.04741087067e-05,-1.12029579427e-05
6.0,180.0,90.0,520.0,500.0,540.0,9.2428857599e-05,9.2428857599e-05,-3.78773761343e-05,-7.28591412728e-06
6.0,180.0,90.0,560.0,540.0,580.0,5.75367828239e-05,5.75367828239e-05,-2.43347175455e-05,-4.18584620137e-06
6.0,180.0,90.0,600.0,580.0,620.0,3.95237169793e-05,3.95237169793e-05,-1.72484187147e-05,-2.65391435658e-06
6.0,180.0,90.0,640.0,620.0,660.0,4.35949180895e-05,4.35949180895e-05,-2.09907346344e-05,-2.63945391319e-06
6.0,180.0,90.0,680.0,660.0,700.0,4.58126629144e-05,4.58126629144e-05,-2.41136561126e-05,-2.50036808873e-06
6.0,180.0,90.0,720.0,700.0,740.0,4.09166586056e-05,4.09166586056e-05,-2.29172702711e-05,-2.04836333648e-06
6.0,180.0,90.0,760.0,740.0,780.0,3.4432421508e-05,3.4432421508e-05,-2.0176340964e-05,-1.60702748709e-06
12.0,0.0,0.0,400.0,380.0,420.0,1.433113787e-05,1.433113787e-05,2.6960571998e-06,2.69602575515e-07
12.0,0.0,0.0,440.0,420.0,460.0,2.0811195659e-05,2.0811195659e-05,3.71810991992e-06,7.61952512263e-07
12.0,0.0,0.0,480.0,460.0,500.0,2.18918092999e-05,2.18918092999e-05,3.57558090256e-06,1.12665714687e-06
12.0,0.0,0.0,520.0,500.0,540.0,1.74677278066e-05,1.74677278066e-05,2.60093228566e-06,1.10377619887e-06
12.0,0.0,0.0,560.0,540.0,580.0,1.13760396618e-05,1.13760396618e-05,1.59225079157e-06,8.12466760201e-07
12.0,0.0,0.0,600.0,580.0,620.0,8.29465304367e-06,8.29465304367e-06,1.085414345e-06,6.50186923004e-07
12.0,0.0,0.0,640.0,620.0,660.0,1.1423380907e-05,1.1423380907e-05,1.32701133903e-06,9.73443064618e-07
12.0,0.0,0.0,680.0,660.0,700.0,1.4582087505e-05,1.4582087505e-05,1.56076318856e-06,1.29624575169e-06
12.0,0.0,0.0,720.0,700.0,740.0,1.49348033171e-05,1.49348033171e-05,1.5191732138e-06,1.3388912477e-06
12.0,0.0,0.0,760.0,740.0,780.0,1.40423488106e-05,1.40423488106e-05,1.36499988415e-06,1.23523098042e-06
12.0,0.0,5.0,400.0,380.0,420.0,1.09491144692e-05,1.09491144692e-05,2.2542409416e-06,1.72182986015e-07
12.0,0.0,5.0,440.0,420.0,460.0,1.59511263504e-05,1.59511263504e-05,3.14571670333e-06,4.94313016357e-07
12.0,0.0,5.0,480.0,460.0,500.0,1.66569079495e-05,1.66569079495e-05,3.01105249435e-06,7.05721411655e-07
12.0,0.0,5.0,520.0,500.0,540.0,1.30367798225e-05,1.30367798225e-05,2.13750941675e-06,6.52333139149e-07
12.0,0.0,5.0,560.0,540.0,580.0,8.1529514051e-06,8.1529514051e-06,1.24102664219e-06,4.45140558898e-07
12.0,0.0,5.0,600.0,580.0,620.0,5.70522318979e-06,5.70522318979e-06,7.97936021038e-07,3.29861796517e-07
12.0,0.0,5.0,640.0,620.0,660.0,7.82344927024e-06,7.82344927024e-06,9.33191456173e-07,4.62047057638e-07
12.0,0.0,5.0,680.0,660.0,700.0,9.86930705699e-06,9.86930705699e-06,1.01678497096e-06,5.7011405246e-07
12.0,0.0,5.0,720.0,700.0,740.0,9.78214056617e-06,9.78214056617e-06,8.91922370813e-07,5.41214828333e-07
12.0,0.0,5.0,760.0,740.0,780.0,8.72469202212e-06,8.72469202212e-06,7.1156172063e-07,4.5719087335e-07
12.0,0.0,30.0,400.0,380.0,420.0,7.24483620664e-06,7.24483620664e-06,1.83371419448e-06,7.41737706422e-08
12.0,0.0,30.0,440.0,420.0,460.0,7.81638841332e-06,7.81638841332e-06,1.90065889827e-06,1.47633452652e-07
12.0,0.0,30.0,480.0,460.0,500.0,6.37063139267e-06,6.37063139267e-06,1.45599264424e-06,1.73458820376e-07
12.0,0.0,30.0,520.0,500.0,540.0,4.07158575308e-06,4.07158575308e-06,8.72823818337e-07,1.40683648563e-07
12.0,0.0,30.0,560.0,540.0,580.0,2.17185653499e-06,2.17185653499e-06,4.41863799731e-07,8.68598208245e-08
12.0,0.0,30.0,600.0,580.0,620.0,1.32809571629e-06,1.32809571629e-06,2.57155400432e-07,6.00342513568e-08
12.0,0.0,30.0,640.0,620.0,660.0,1.5615768509e-06,1.5615768509e-06,2.87217355974e-07,8.01474854644e-08
12.0,0.0,30.0,680.0,660.0,700.0,1.69948432314e-06,1.69948432314e-06,3.03439476513e-07,9.45058097296e-08
12.0,0.0,30.0,720.0,700.0,740.0,1.47671862292e-06,1.47671862292e-06,2.59874226036e-07,8.61296901983e-08
12.0,0.0,30.0,760.0,740.0,780.0,1.16814623922e-06,1.16814623922e-06,2.04267473079e-07,7.02671616357e-08
12.0,0.0,90.0,400.0,380.0,420.0,2.51318049899e-06,2.51318049899e-06,-1.71751490019e-07,-2.42664572016e-07
12.0,0.0,90.0,440.0,420.0,460.0,2.29284168934e-06,2.29284168934e-06,-2.1357601721e-07,-2.43107124988e-07
12.0,0.0,90.0,480.0,460.0,500.0,1.65785169735e-06,1.65785169735e-06,-1.94429249697e-07,-1.84391717879e-07
12.0,0.0,90.0,520.0,500.0,540.0,9.74177741207e-07,9.74177741207e-07,-1.35080170323e-07,-1.10408202956e-07
12.0,0.0,90.0,560.0,540.0,580.0,4.89091793287e-07,4.89091793287e-07,-7.43449852154e-08,-5.40262990588e-08
12.0,0.0,90.0,600.0,580.0,620.0,2.87769524651e-07,2.87769524651e-07,-4.82341871075e-08,-3.18428276188e-08
12.0,0.0,90.0,640.0,620.0,660.0,3.32649621335e-07,3.32649621335e-07,-6.60773256876e-08,-4.15372825224e-08
12.0,0.0,90.0,680.0,660.0,700.0,3.57137058774e-07,3.57137058774e-07,-7.89937372413e-08,-4.86103808478e-08
12.0,0.0,90.0,720.0,700.0,740.0,3.07364716424e-07,3.07364716424e-07,-7.2500451205e-08,-4.40266205199e-08
12.0,0.0,90.0,760.0,740.0,780.0,2.41915731405e-07,2.41915731405e-07,-5.96487017265e-08,-3.5931090226e-08
12.0,90.0,0.0,400.0,380.0,420.0,4.88653424931e-06,4.88653424931e-06,1.55551890981e-06,-6.72656098469e-07
12.0,90.0,0.0,440.0,420.0,460.0,5.88141038488e-06,5.88141038488e-06,2.01187981781e-06,-7.85118906655e-07
12.0,90.0,0.0,480.0,460.0,500.0,5.39854408748e-06,5.39854408748e-06,1.90860275252e-06,-6.74599069967e-07
12.0,90.0,0.0,520.0,500.0,540.0,3.93400367159e-06,3.93400367159e-06,1.42072497741e-06,-4.56665586956e-07
12.0,90.0,0.0,560.0,540.0,580.0,2.40995854079e-06,2.40995854079e-06,8.82173272524e-07,-2.66905049722e-07
12.0,90.0,0.0,600.0,580.0,620.0,1.70348988432e-06,1.70348988432e-06,6.35682742585e-07,-1.81484975769e-07
12.0,90.0,0.0,640.0,620.0,660.0,2.3606941714e-06,2.3606941714e-06,9.23083716176e-07,-2.30626524608e-07
12.0,90.0,0.0,680.0,660.0,700.0,3.02716031871e-06,3.02716031871e-06,1.23226045927e-06,-2.81002651281e-07
12.0,90.0,0.0,720.0,700.0,740.0,3.0807720697e-06,3.0807720697e-06,1.2930873407e-06,-2.83236316471e-07
12.0,90.0,0.0,760.0,740.0,780.0,2.83747890405e-06,2.83747890405e-06,1.22104705718e-06,-2.64917534701e-07
12.0,90.0,5.0,400.0,380.0,420.0,5.90148327972e-06,5.90148327972e-06,1.8337545604e-06,-7.71981633396e-07
12.0,90.0,5.0,440.0,420.0,460.0,7.36040559758e-06,7.36040559758e-06,2.45150801746e-06,-8.93524765281e-07
12.0,90.0,5.0,480.0,460.0,500.0,6.81179371738e-06,6.81179371738e-06,2.33369293954e-06,-7.34576225137e-07
12.0,90.0,5.0,520.0,500.0,540.0,4.86321565188e-06,4.86321565188e-06,1.68754853173e-06,-4.59039575631e-07
12.0,90.0,5.0,560.0,540.0,580.0,2.84872561711e-06,2.84872561711e-06,9.91158708557e-07,-2.36107342695e-07
12.0,90.0,5.0,600.0,580.0,620.0,1.89297030262e-06,1.89297030262e-06,6.61891862277e-07,-1.39819092694e-07
12.0,90.0,5.0,640.0,620.0,660.0,2.42033348929e-06,2.42033348929e-06,8.70359479276e-07,-1.67385062578e-07
12.0,90.0,5.0,680.0,660.0,700.0,2.83165131901e-06,2.83165131901e-06,1.04487611883e-06,-1.90632384903e-07
12.0,90.0,5.0,720.0,700.0,740.0,2.615994942e-06,2.615994942e-06,9.84557741941e-07,-1.7495162533e-07
12.0,90.0,5.0,760.0,740.0,780.0,2.18232952442e-06,2.18232952442e-06,8.34916139183e-07,-1.47185774692e-07
12.0,90.0,30.0,400.0,380.0,420.0,5.31815820593e-06,5.31815820593e-06,1.596182227e-06,-5.75245700903e-07
12.0,90.0,30.0,440.0,420.0,460.0,5.41475204562e-06,5.41475204562e-06,1.63960016272e-06,-5.14913108519e-07
12.0,90.0,30.0,480.0,460.0,500.0,4.21441597383e-06,4.21441597383e-06,1.25089532449e-06,-3.37588547761e-07
12.0,90.0,30.0,520.0,500.0,540.0,2.60123558228e-06,2.60123558228e-06,7.50124084446e-07,-1.71069737894e-07
12.0,90.0,30.0,560.0,540.0,580.0,1.35133056587e-06,1.35133056587e-06,3.78497351341e-07,-7.0677451977e-08
12.0,90.0,30.0,600.0,580.0,620.0,8.11364428617e-07,8.11364428617e-07,2.21747463717e-07,-3.43168515185e-08
12.0,90.0,30.0,640.0,620.0,660.0,9.44186761161e-07,9.44186761161e-07,2.55084858877e-07,-3.70123516009e-08
12.0,90.0,30.0,680.0,660.0,700.0,1.01942581535e-06,1.01942581535e-06,2.74315504228e-07,-3.78950052787e-08
12.0,90.0,30.0,720.0,700.0,740.0,8.8056256747e-07,8.8056256747e-07,2.36878533939e-07,-3.11746663359e-08
12.0,90.0,30.0,760.0,740.0,780.0,6.93816156463e-07,6.93816156463e-07,1.87079436194e-07,-2.37965327731e-08
12.0,90.0,90.0,400.0,380.0,420.0,2.51318049899e-06,2.51318049899e-06,-1.71751490019e-07,-2.42664572016e-07
12.0,90.0,90.0,440.0,420.0,460.0,2.29284168934e-06,2.29284168934e-06,-2.1357601721e-07,-2.43107124988e-07
12.0,90.0,90.0,480.0,460.0,500.0,1.65785169735e-06,1.65785169735e-06,-1.94429249697e-07,-1.84391717879e-07
12.0,90.0,90.0,520.0,500.0,540.0,9.74177741207e-07,9.74177741207e-07,-1.35080170323e-07,-1.10408202956e-07
12.0,90.0,90.0,560.0,540.0,580.0,4.89091793287e-07,4.89091793287e-07,-7.43449852154e-08,-5.40262990588e-08
12.0,90.0,90.0,600.0,580.0,620.0,2.87769524651e-07,2.87769524651e-07,-4.82341871075e-08,-3.18428276188e-08
12.0,90.0,90.0,640.0,620.0,660.0,3.32649621335e-07,3.32649621335e-07,-6.60773256876e-08,-4.15372825224e-08
12.0,90.0,90.0,680.0,660.0,700.0,3.57137058774e-07,3.57137058774e-07,-7.89937372413e-08,-4.86103808478e-08
12.0,90.0,90.0,720.0,700.0,740.0,3.07364716424e-07,3.07364716424e-07,-7.2500451205e-08,-4.40266205199e-08
12.0,90.0,90.0,760.0,740.0,780.0,2.41915731405e-07,2.41915731405e-07,-5.96487017265e-08,-3.5931090226e-08
12.0,180.0,0.0,400.0,380.0,420.0,2.09643391407e-06,2.09643391407e-06,4.32600614933e-07,3.79117419113e-08
12.0,180.0,0.0,440.0,420.0,460.0,2.35690406587e-06,2.35690406587e-06,4.92589027605e-07,3.23067956818e-08
12.0,180.0,0.0,480.0,460.0,500.0,2.00206698839e-06,2.00206698839e-06,4.06319681744e-07,2.1307981583e-08
12.0,180.0,0.0,520.0,500.0,540.0,1.34526739441e-06,1.34526739441e-06,2.62241141331e-07,1.16398320804e-08
12.0,180.0,0.0,560.0,540.0,580.0,7.61105668806e-07,7.61105668806e-07,1.44250061237e-07,5.40383725012e-09
12.0,180.0,0.0,600.0,580.0,620.0,5.01600417033e-07,5.01600417033e-07,9.19671752614e-08,2.86257257183e-09
12.0,180.0,0.0,640.0,620.0,660.0,6.57686310894e-07,6.57686310894e-07,1.15016295433e-07,3.80808172804e-09
12.0,180.0,0.0,680.0,660.0,700.0,8.04407610002e-07,8.04407610002e-07,1.38958416505e-07,4.61088865634e-09
12.0,180.0,0.0,720.0,700.0,740.0,7.8708365408e-07,7.8708365408e-07,1.37087991719e-07,4.072155071e-09
12.0,180.0,0.0,760.0,740.0,780.0,7.0224492688e-07,7.0224492688e-07,1.24302647392e-07,2.96906614999e-09
12.0,180.0,5.0,400.0,380.0,420.0,4.76576928206e-06,4.76576928206e-06,1.02172095675e-06,6.67249773322e-08
12.0,180.0,5.0,440.0,420.0,460.0,5.30742705475e-06,5.30742705475e-06,1.15492508068e-06,3.71079388804e-08
12.0,180.0,5.0,480.0,460.0,500.0,4.37861335119e-06,4.37861335119e-06,9.26246885804e-07,7.51912321877e-09
12.0,180.0,5.0,520.0,500.0,540.0,2.81098059435e-06,2.81098059435e-06,5.71049259947e-07,-5.45737670313e-09
12.0,180.0,5.0,560.0,540.0,580.0,1.4985867354e-06,1.4985867354e-06,2.95593813407e-07,-6.72251296321e-09
12.0,180.0,5.0,600.0,580.0,620.0,9.22535911904e-07,9.22535911904e-07,1.75283761622e-07,-5.98926255601e-09
12.0,180.0,5.0,640.0,620.0,660.0,1.12326700982e-06,1.12326700982e-06,2.01629548655e-07,-7.8195430895e-09
12.0,180.0,5.0,680.0,660.0,700.0,1.26774816492e-06,1.26774816492e-06,2.22381632427e-07,-8.94687182382e-09
12.0,180.0,5.0,720.0,700.0,740.0,1.14079707468e-06,1.14079707468e-06,1.99618584344e-07,-8.25506409491e-09
12.0,180.0,5.0,760.0,740.0,780.0,9.35506885982e-07,9.35506885982e-07,1.64655074839e-07,-7.07874004458e-09
12.0,180.0,30.0,400.0,380.0,420.0,4.38351686089e-06,4.38351686089e-06,1.00352735517e-06,-5.96930805431e-08
12.0,180.0,30.0,440.0,420.0,460.0,4.15880652465e-06,4.15880652465e-06,9.62769744436e-07,-7.3754606434e-08
12.0,180.0,30.0,480.0,460.0,500.0,3.02796710754e-06,3.02796710754e-06,6.91932501466e-07,-5.88790624224e-08
12.0,180.0,30.0,520.0,500.0,540.0,1.76033991513e-06,1.76033991513e-06,3.95234179638e-07,-3.42264046369e-08
12.0,180.0,30.0,560.0,540.0,580.0,8.66453378639e-07,8.66453378639e-07,1.92756605077e-07,-1.60548782703e-08
12.0,180.0,30.0,600.0,580.0,620.0,4.98942096592e-07,4.98942096592e-07,1.09460612244e-07,-8.70723942816e-09
12.0,180.0,30.0,640.0,620.0,660.0,5.66544419601e-07,5.66544419601e-07,1.21283423026e-07,-8.60999539418e-09
12.0,180.0,30.0,680.0,660.0,700.0,5.9882666688e-07,5.9882666688e-07,1.27457340884e-07,-7.66212752108e-09
12.0,180.0,30.0,720.0,700.0,740.0,5.08296809422e-07,5.08296809422e-07,1.08668932882e-07,-5.41667223812e-09
12.0,180.0,30.0,760.0,740.0,780.0,3.95472491042e-07,3.95472491042e-07,8.51894153621e-08,-3.5095398824e-09
12.0,180.0,90.0,400.0,380.0,420.0,2.51318049899e-06,2.51318049899e-06,-1.71751490019e-07,-2.42664572016e-07
12.0,180.0,90.0,440.0,420.0,460.0,2.29284168934e-06,2.29284168934e-06,-2.1357601721e-07,-2.43107124988e-07
12.0,180.0,90.0,480.0,460.0,500.0,1.65785169735e-06,1.65785169735e-06,-1.94429249697e-07,-1.84391717879e-07
12.0,180.0,90.0,520.0,500.0,540.0,9.74177741207e-07,9.74177741207e-07,-1.35080170323e-07,-1.10408202956e-07
12.0,180.0,90.0,560.0,540.0,580.0,4.89091793287e-07,4.89091793287e-07,-7.43449852154e-08,-5.40262990588e-08
12.0,180.0,90.0,600.0,580.0,620.0,2.87769524651e-07,2.87769524651e-07,-4.82341871075e-08,-3.18428276188e-08
12.0,180.0,90.0,640.0,620.0,660.0,3.32649621335e-07,3.32649621335e-07,-6.60773256876e-08,-4.15372825224e-08
12.0,180.0,90.0,680.0,660.0,700.0,3.57137058774e-07,3.57137058774e-07,-7.89937372413e-08,-4.86103808478e-08
12.0,180.0,90.0,720.0,700.0,740.0,3.07364716424e-07,3.07364716424e-07,-7.2500451205e-08,-4.40266205199e-08
12.0,180.0,90.0,760.0,740.0,780.0,2.41915731405e-07,2.41915731405e-07,-5.96487017265e-08,-3.5931090226e-08
