solar_depression_deg,group_bottom_to_top,h_min_deg,h_max_deg,X,Y_cd_m2,Z,CIE_x,CIE_y
-5,1,0,5,21486.7818947,20177.8874529,6072.24512347,0.450108309948,0.422689394077
-5,2,5,15,14610.5909115,14548.8215302,6936.99291996,0.404765814355,0.403054580766
-5,3,15,35,5219.52134675,5339.15053843,3907.62261069,0.360805688578,0.369075200284
-5,4,35,60,1552.3061769,1619.95205566,1835.61731787,0.309972993791,0.323480893115
-2,1,0,5,6758.09943952,5738.61275785,1257.92376594,0.491332482921,0.417212987182
-2,2,5,15,5304.80879814,4977.1048602,2155.4804382,0.426520922065,0.400172642401
-2,3,15,35,2033.98366622,2015.37363379,1595.72534845,0.360310697448,0.357014017207
-2,4,35,60,721.609320111,744.192822283,914.942856731,0.30310231477,0.312588211907
0,1,0,5,1392.95979867,1164.43718652,394.916832438,0.471819692863,0.394415112502
0,2,5,15,1419.55167176,1331.14257326,810.673234835,0.39859735896,0.373772878197
0,3,15,35,666.469288191,668.287038655,703.829789549,0.326927218248,0.327818890397
0,4,35,60,296.839948466,308.108168164,434.869486844,0.285473094007,0.296309821198
2,1,0,5,241.990099095,224.057376379,128.868734382,0.406763330846,0.376620056181
2,2,5,15,285.731044396,293.972142397,275.246487924,0.334208027496,0.343847305977
2,3,15,35,162.426000959,170.321085317,236.301942142,0.285434106461,0.29930827892
2,4,35,60,82.5072255392,86.0429061425,141.904012719,0.26576300245,0.277151739457
4,1,0,5,50.1104493601,49.0066037501,32.6628419291,0.380258683202,0.371882249075
4,2,5,15,58.6476082115,62.3322727773,69.780239336,0.307441660823,0.326757357204
4,3,15,35,29.4487124351,31.0212329567,51.2669038184,0.263554168954,0.277627597127
4,4,35,60,13.4730504521,13.9116329715,27.3445408224,0.24617652886,0.254190209402
6,1,0,5,9.05387096309,8.96492066423,5.77283473296,0.380548636146,0.376809913222
6,2,5,15,9.45526482453,10.2453707716,12.4980322796,0.293653913293,0.318192380229
6,3,15,35,3.664747465,3.87759428948,7.21033303635,0.248412407714,0.262840084558
6,4,35,60,1.38494428765,1.4186434455,3.23361493953,0.229401655492,0.234983571434
9,1,0,5,0.686193758118,0.69257922615,0.42691047567,0.380018853438,0.383555169838
9,2,5,15,0.55629530219,0.611410111008,0.781247406006,0.285432924137,0.313712115031
9,3,15,35,0.146389775907,0.153174472435,0.325609245655,0.234158641261,0.245011143156
9,4,35,60,0.051182906621,0.0504129481002,0.144519974249,0.207962676904,0.204834237242
12,1,0,5,0.0442882554611,0.0447268435739,0.0285024174101,0.376865141477,0.380597249898
12,2,5,15,0.0236042085248,0.0257774357826,0.0384977409283,0.268597788452,0.293327447768
12,3,15,35,0.00837019299964,0.00845188186506,0.0220152791029,0.215519136721,0.217622494882
12,4,35,60,0.00374981635882,0.00354104840138,0.0118022610229,0.196396148091,0.18546195325
15,1,0,5,0.00140307636456,0.00141666835589,0.00118851586909,0.350046194158,0.353437189085
15,2,5,15,0.000830065737459,0.00088890680304,0.00192574135542,0.227745101855,0.243889322571
15,3,15,35,0.000427979228912,0.000411018684061,0.00132737084905,0.197556037741,0.189727017517
15,4,35,60,0.000189704864901,0.000168109182661,0.000669025497594,0.184746356717,0.163715142696
18,1,0,5,2.27972378041e-05,2.5212096252e-05,3.6307548823e-05,0.270375718666,0.299015990524
18,2,5,15,2.20958451862e-05,2.29727461599e-05,6.53198296367e-05,0.200164518973,0.208108295738
18,3,15,35,1.05899833068e-05,9.30710296019e-06,3.92027067578e-05,0.17918816234,0.157481143061
18,4,35,60,4.36617448054e-06,3.42614175384e-06,1.77006024313e-05,0.171270090248,0.134395821788
