solar_depression_deg,sky_elevation_deg,X,Y_cd_m2,Z,CIE_x,CIE_y,preview_sRGB_R8,preview_sRGB_G8,preview_sRGB_B8,sRGB_gamut_clipped,component,night_background_important,near_horizon_low_confidence
-5,0.0,18711.7155532,17089.6258601,4608.37304292,0.463049932547,0.422908849767,255,177,78,0,solar_scattering_only,0,1
-5,1.0,21041.6695112,19219.5815712,5014.9332406,0.464740344749,0.424496495422,255,177,75,0,solar_scattering_only,0,1
-5,2.0,22493.9631395,20906.3662534,5803.65321836,0.457157367062,0.424891749486,255,182,81,0,solar_scattering_only,0,1
-5,3.0,22520.7424663,21323.4790945,6517.4626493,0.447180089775,0.423406790876,255,187,90,0,solar_scattering_only,0,1
-5,4.0,21738.0740279,20896.2942424,7041.6571415,0.437596885976,0.420651492731,255,192,100,0,solar_scattering_only,0,1
-5,5.0,20568.8619348,20004.3817265,7368.8937145,0.429035146547,0.417260948749,255,197,108,0,solar_scattering_only,0,0
-5,6.0,19243.9655238,18881.6615493,7511.9715483,0.421669108479,0.413730391599,255,200,116,0,solar_scattering_only,0,0
-5,7.0,17903.3945923,17685.6732092,7519.72383311,0.415307270593,0.410256760595,255,203,123,0,solar_scattering_only,0,0
-5,8.0,16616.8151346,16502.376326,7434.31331843,0.409750408137,0.406928486598,255,205,129,0,solar_scattering_only,0,0
-5,9.0,15403.4510214,15363.0109046,7282.16199826,0.404835955488,0.403773101892,255,207,134,0,solar_scattering_only,0,0
-5,10.0,14268.6203764,14281.3922535,7083.61690728,0.40042568107,0.400784103078,255,209,139,0,solar_scattering_only,0,0
-5,11.0,13212.0906885,13263.1969749,6854.24289746,0.39640794413,0.397941307656,255,211,144,0,solar_scattering_only,0,0
-5,12.0,12231.3013099,12309.9796924,6605.847024,0.3926943537,0.395220377365,255,212,148,0,solar_scattering_only,0,0
-5,13.0,11322.7692426,11421.1488864,6347.33017455,0.389215654292,0.392597415112,255,214,152,0,solar_scattering_only,0,0
-5,14.0,10482.6986273,10594.965001,6085.35728885,0.38591799709,0.3900510563,255,215,156,0,solar_scattering_only,0,0
-5,15.0,9707.23126517,9829.05169036,5824.8705704,0.382759847861,0.387563273899,255,216,159,0,solar_scattering_only,0,0
-5,16.0,8992.53953504,9120.66334817,5569.47837618,0.379709520073,0.385119541503,255,218,163,0,solar_scattering_only,0,0
-5,17.0,8334.85862686,8466.83529835,5321.75426695,0.376743198188,0.382708663894,255,219,167,0,solar_scattering_only,0,0
-5,18.0,7730.49762771,7864.47505838,5083.46619969,0.373843386844,0.380322475106,255,220,170,0,solar_scattering_only,0,0
-5,19.0,7175.84894109,7310.42712393,4855.7565102,0.370997665999,0.37795547575,255,221,174,0,solar_scattering_only,0,0
-5,20.0,6667.40081584,6801.52421522,4639.2844133,0.368197686045,0.375604459189,255,223,177,0,solar_scattering_only,0,0
-5,21.0,6201.75282615,6334.6302145,4434.33954786,0.365438347943,0.373268149395,255,224,180,0,solar_scattering_only,0,0
-5,22.0,5775.63248886,5906.67654363,4240.93278076,0.362717124854,0.370946859497,255,225,184,0,solar_scattering_only,0,0
-5,23.0,5385.91090365,5514.69222495,4058.86871944,0.360033493051,0.368642174067,255,226,187,0,solar_scattering_only,0,0
-5,24.0,5029.6159077,5155.82770683,3887.80338053,0.357388448413,0.366356655904,255,227,191,0,solar_scattering_only,0,0
-5,25.0,4703.94187604,4827.37265293,3727.28973168,0.354784092169,0.364093577124,255,229,194,0,solar_scattering_only,0,0
-5,26.0,4406.20165053,4526.71334242,3576.69060622,0.352225465111,0.361858997594,255,230,197,0,solar_scattering_only,0,0
-5,27.0,4051.50430342,4170.00667251,3405.66308458,0.348451333259,0.358643179401,255,232,202,0,solar_scattering_only,0,0
-5,28.0,3730.73623133,3844.10209809,3235.83101751,0.345097617142,0.355584097036,255,233,207,0,solar_scattering_only,0,0
-5,29.0,3505.57036142,3615.80388359,3112.03944862,0.342561188902,0.353333109737,255,235,210,0,solar_scattering_only,0,0
-5,30.0,3298.88772055,3406.01395014,2995.74960047,0.340068684909,0.351111884649,255,236,214,0,solar_scattering_only,0,0
-5,31.0,3108.98375956,3213.04604374,2886.43273201,0.337622458433,0.348923181413,255,237,217,0,solar_scattering_only,0,0
-5,32.0,2934.29898048,3035.35415015,2783.5829099,0.335224477769,0.346769370333,255,238,221,0,solar_scattering_only,0,0
-5,33.0,2773.41115159,2871.52572257,2686.72074347,0.332876274911,0.34465239144,255,240,224,0,solar_scattering_only,0,0
-5,34.0,2625.02654312,2720.27372393,2595.39545764,0.330578910732,0.342573726313,255,241,227,0,solar_scattering_only,0,0
-5,35.0,2487.97050595,2580.42784438,2509.18560011,0.328332951798,0.340534378933,255,242,231,0,solar_scattering_only,0,0
-5,36.0,2361.1777452,2450.92528309,2427.69874786,0.326138452158,0.338534860327,255,244,234,0,solar_scattering_only,0,0
-5,37.0,2243.68266009,2330.80149058,2350.57052488,0.323994937976,0.336575175184,255,245,237,0,solar_scattering_only,0,0
-5,38.0,2134.61005689,2219.18120089,2277.46320001,0.321901394446,0.334654810039,255,246,240,0,solar_scattering_only,0,0
-5,39.0,2033.16646745,2115.27000221,2208.06406895,0.319856256616,0.332772724451,255,248,244,0,solar_scattering_only,0,0
-5,40.0,1938.63218799,2018.3465745,2142.08376041,0.317857405251,0.330927346116,255,249,247,0,solar_scattering_only,0,0
-5,41.0,1850.3540732,1927.75564094,2079.25455306,0.315902168415,0.329116570696,255,250,250,0,solar_scattering_only,0,0
-5,42.0,1767.73902817,1842.90158315,2019.32873847,0.313987327167,0.327337764853,255,251,253,0,solar_scattering_only,0,0
-5,43.0,1690.24814553,1763.24267617,1962.07706323,0.312109123446,0.325587770967,254,251,255,0,solar_scattering_only,0,0
-5,44.0,1617.39149187,1688.28595633,1907.28732768,0.31026326887,0.32386291274,251,250,255,0,solar_scattering_only,0,0
-5,45.0,1548.72390521,1617.58309415,1854.76341094,0.308444968633,0.322159014308,248,248,255,0,solar_scattering_only,0,0
-5,46.0,1483.84330808,1550.72881281,1804.32576551,0.306649022756,0.320471489421,245,246,255,0,solar_scattering_only,0,0
-5,47.0,1422.39924685,1487.36970679,1755.81845977,0.304870345536,0.318795807471,242,245,255,0,solar_scattering_only,0,0
-5,48.0,1364.17612902,1427.28906809,1709.16552877,0.303107766912,0.317130898984,239,243,255,0,solar_scattering_only,0,0
-5,49.0,1308.95241082,1370.24152417,1664.05827388,0.301376099723,0.31548744081,236,241,255,0,solar_scattering_only,0,0
-5,50.0,1258.48224394,1318.05029399,1621.63320055,0.299769547545,0.313958613379,234,240,255,0,solar_scattering_only,0,0
-5,51.0,1211.75284521,1269.64894112,1581.23615734,0.298267495655,0.312518358447,231,239,255,0,solar_scattering_only,0,0
-5,52.0,1169.97340564,1226.3584622,1544.15538421,0.296910846504,0.311220004977,229,237,255,0,solar_scattering_only,0,0
-5,53.0,1130.69728215,1185.63317469,1508.76339721,0.295599879452,0.309961851899,227,236,255,0,solar_scattering_only,0,0
-5,54.0,1093.81968901,1147.36970411,1475.03936796,0.294335940905,0.308745714506,225,235,255,0,solar_scattering_only,0,0
-5,55.0,1059.1709535,1111.3959336,1442.89660716,0.293117933856,0.307570821004,223,234,255,0,solar_scattering_only,0,0
-5,56.0,1026.58839205,1077.54645908,1412.24777588,0.291944450004,0.306436066089,221,233,255,0,solar_scattering_only,0,0
-5,57.0,995.922952816,1045.66961314,1383.01163684,0.290814031006,0.305340282035,220,232,255,0,solar_scattering_only,0,0
-5,58.0,967.039336587,1015.62765397,1355.11387814,0.289725232011,0.304282304299,218,231,255,0,solar_scattering_only,0,0
-5,59.0,939.814900982,987.295677329,1328.48679013,0.288676637379,0.303260988874,216,230,255,0,solar_scattering_only,0,0
-5,60.0,914.138351232,960.560298959,1303.06868097,0.287666860398,0.30227521365,215,229,255,0,solar_scattering_only,0,0
-2,0.0,4403.17936479,3577.91217441,771.81860701,0.503053189309,0.408768297017,255,148,56,0,solar_scattering_only,0,1
-2,1.0,5796.51831741,4659.09793314,847.384960235,0.512830018268,0.41220007379,255,145,43,0,solar_scattering_only,0,1
-2,2.0,7069.2929282,5864.76874312,1096.27282191,0.50385776131,0.418006338049,255,152,45,0,solar_scattering_only,0,1
-2,3.0,7557.19035301,6481.56273187,1382.55858881,0.4900484805,0.420299055555,255,160,57,0,solar_scattering_only,0,1
-2,4.0,7537.11335436,6638.29846232,1647.38056873,0.476345335942,0.41954026196,255,168,69,0,solar_scattering_only,0,1
-2,5.0,7265.58803633,6530.01561348,1864.4501981,0.463956772237,0.416985514667,255,173,81,0,solar_scattering_only,0,0
-2,6.0,6881.26619494,6281.00198123,2026.45533095,0.453050988236,0.413530602376,255,178,92,0,solar_scattering_only,0,0
-2,7.0,6455.2740017,5963.56001695,2137.31065071,0.44347415805,0.40969364845,255,182,101,0,solar_scattering_only,0,0
-2,8.0,6023.54631003,5618.46786362,2205.12758932,0.435002862911,0.405749284567,255,186,110,0,solar_scattering_only,0,0
-2,9.0,5604.08861728,5268.55661467,2238.67150972,0.427423784178,0.401832761612,255,189,117,0,solar_scattering_only,0,0
-2,10.0,5205.67052966,4926.51771575,2245.86505092,0.420556480493,0.398004241686,255,192,124,0,solar_scattering_only,0,0
-2,11.0,4832.20937956,4599.25385094,2233.32306156,0.41425614311,0.394285307573,255,194,131,0,solar_scattering_only,0,0
-2,12.0,4485.02387011,4290.30948523,2206.34366486,0.408409741232,0.3906788988,255,196,137,0,solar_scattering_only,0,0
-2,13.0,4164.02193384,4001.24932096,2169.0697512,0.402930572101,0.38717991971,255,199,143,0,solar_scattering_only,0,0
-2,14.0,3868.34358209,3732.45618972,2124.69195529,0.397753007317,0.383780717155,255,201,148,0,solar_scattering_only,0,0
-2,15.0,3596.71846755,3483.60375437,2075.64090418,0.39282797648,0.38047376408,255,203,153,0,solar_scattering_only,0,0
-2,16.0,3347.67065596,3253.9438138,2023.75099502,0.388119282554,0.377252862744,255,205,158,0,solar_scattering_only,0,0
-2,17.0,3119.63903053,3042.48493689,1970.39430134,0.383600617599,0.374113507814,255,207,163,0,solar_scattering_only,0,0
-2,18.0,2911.05019525,2848.10652753,1916.58626285,0.379253213754,0.371052878251,255,209,168,0,solar_scattering_only,0,0
-2,19.0,2720.36320139,2669.63269204,1863.06864863,0.3750639727,0.368069617547,255,210,173,0,solar_scattering_only,0,0
-2,20.0,2546.09703352,2505.88055509,1810.37404693,0.371023982556,0.36516353113,255,212,177,0,solar_scattering_only,0,0
-2,21.0,2386.84712722,2355.69184805,1758.87576516,0.367127344204,0.362335267339,255,214,182,0,solar_scattering_only,0,0
-2,22.0,2241.294626,2217.95321392,1708.82635952,0.36337024386,0.359586013755,255,216,186,0,solar_scattering_only,0,0
-2,23.0,2108.15368724,2091.55286982,1660.24376445,0.359756238803,0.356923310791,255,218,191,0,solar_scattering_only,0,0
-2,24.0,1949.73396416,1941.55004432,1605.52872268,0.354702635785,0.353213787567,255,220,197,0,solar_scattering_only,0,0
-2,25.0,1808.1053087,1806.01176529,1549.79653051,0.350142439859,0.349737021882,255,223,202,0,solar_scattering_only,0,0
-2,26.0,1706.98195562,1709.03323749,1506.08953579,0.34679919458,0.347215943508,255,225,207,0,solar_scattering_only,0,0
-2,27.0,1613.98973975,1619.60562441,1464.05769158,0.343573635729,0.34476910176,255,226,211,0,solar_scattering_only,0,0
-2,28.0,1528.36188938,1537.03797429,1423.66046687,0.340463655384,0.342396372763,255,228,215,0,solar_scattering_only,0,0
-2,29.0,1449.40148455,1460.69896874,1384.84535885,0.337466768603,0.340097182277,255,230,219,0,solar_scattering_only,0,0
-2,30.0,1376.47660692,1390.01354158,1347.55199857,0.334580093669,0.337870515636,255,232,223,0,solar_scattering_only,0,0
-2,31.0,1309.01539071,1324.45917097,1311.71538163,0.33180034663,0.335714931347,255,233,227,0,solar_scattering_only,0,0
-2,32.0,1246.50097881,1263.56188754,1277.26820574,0.329123848717,0.33362857999,255,235,231,0,solar_scattering_only,0,0
-2,33.0,1188.46653059,1206.89218224,1244.14253481,0.326546537485,0.331609223385,255,237,234,0,solar_scattering_only,0,0
-2,34.0,1134.49041136,1154.06096528,1212.27095227,0.324063978338,0.329654251731,255,239,238,0,solar_scattering_only,0,0
-2,35.0,1084.19166577,1104.71569751,1181.58733867,0.321671375166,0.327760698414,255,240,242,0,solar_scattering_only,0,0
-2,36.0,1037.22585493,1058.53678856,1152.02738302,0.319363581532,0.325925253764,255,242,245,0,solar_scattering_only,0,0
-2,37.0,993.2812783,1015.23429425,1123.52889716,0.317135113472,0.324144278303,255,243,249,0,solar_scattering_only,0,0
-2,38.0,952.075583578,974.544930831,1096.03199493,0.314980164156,0.322413816282,255,245,252,0,solar_scattering_only,0,0
-2,39.0,913.35273484,936.22938681,1069.47917146,0.312892619623,0.320729608871,255,246,255,0,solar_scattering_only,0,0
-2,40.0,876.880300212,900.069905775,1043.81532019,0.310866072375,0.319087105051,251,245,255,0,solar_scattering_only,0,0
-2,41.0,842.447084848,865.868174051,1018.98774312,0.308893835493,0.317481472872,248,243,255,0,solar_scattering_only,0,0
-2,42.0,809.861265135,833.44367316,994.946286671,0.306968971518,0.315907622926,245,242,255,0,solar_scattering_only,0,0
-2,43.0,778.94977945,802.633241978,971.644064662,0.305084410115,0.314360303614,242,240,255,0,solar_scattering_only,0,0
-2,44.0,749.562744818,773.29554601,949.040981678,0.303233531057,0.312834570005,239,239,255,0,solar_scattering_only,0,0
-2,45.0,721.614765091,745.351672952,927.128902346,0.301414381005,0.311329152343,236,237,255,0,solar_scattering_only,0,0
-2,46.0,694.985779215,718.667118837,905.713176982,0.299644711844,0.309854975708,234,236,255,0,solar_scattering_only,0,0
-2,47.0,670.429012621,694.005479092,885.22298749,0.298013817134,0.308493842066,231,235,255,0,solar_scattering_only,0,0
-2,48.0,647.540112461,670.944870415,865.419600884,0.29650567945,0.307222611924,229,234,255,0,solar_scattering_only,0,0
-2,49.0,626.893304902,650.098529897,846.922896193,0.295159356331,0.306085042121,227,233,255,0,solar_scattering_only,0,0
-2,50.0,607.408626573,630.396139646,829.149227239,0.293866543956,0.304987987948,225,232,255,0,solar_scattering_only,0,0
-2,51.0,589.045922986,611.801630287,812.105046726,0.292627815969,0.30393245737,223,231,255,0,solar_scattering_only,0,0
-2,52.0,571.729853583,594.242671293,795.76105678,0.29144113091,0.302917112114,221,230,255,0,solar_scattering_only,0,0
-2,53.0,555.387426683,577.648849136,780.085962347,0.290304203047,0.301940376632,219,229,255,0,solar_scattering_only,0,0
-2,54.0,539.951609331,561.955384511,765.050163491,0.289214783108,0.30100068569,217,228,255,0,solar_scattering_only,0,0
-2,55.0,525.361514434,547.103371952,750.626351502,0.288170719882,0.300096539648,216,227,255,0,solar_scattering_only,0,0
-2,56.0,511.561949212,533.039368245,736.789497633,0.287169971282,0.299226516568,214,227,255,0,solar_scattering_only,0,0
-2,57.0,498.502841962,519.714852874,723.516692028,0.286210598884,0.29838927037,213,226,255,0,solar_scattering_only,0,0
-2,58.0,486.13868954,507.085703221,710.786951922,0.285290758807,0.29758352537,211,225,255,0,solar_scattering_only,0,0
-2,59.0,474.428068978,495.111728736,698.581038133,0.284408694372,0.296808071751,210,225,255,0,solar_scattering_only,0,0
-2,60.0,463.333225421,483.756276191,686.881290369,0.283562734227,0.29606176473,209,224,255,0,solar_scattering_only,0,0
0,0.0,646.20840274,558.559801148,278.198620162,0.435753782391,0.376650233903,255,169,123,0,solar_scattering_only,0,1
0,1.0,941.988475574,749.500518932,275.943494263,0.47879074934,0.380953615034,255,146,93,0,solar_scattering_only,0,1
0,2.0,1391.6238409,1115.18881121,329.474503089,0.490649840707,0.393186144487,255,146,78,0,solar_scattering_only,0,1
0,3.0,1658.95621089,1378.92667398,414.407192016,0.480537896279,0.399423757352,255,155,81,0,solar_scattering_only,0,1
0,4.0,1764.43825591,1517.57113963,512.747319479,0.464967424375,0.399912630399,255,164,91,0,solar_scattering_only,0,1
0,5.0,1773.22291889,1567.09193809,607.143782322,0.449206206048,0.39698755105,255,172,104,0,solar_scattering_only,0,0
0,6.0,1730.18739597,1561.46156156,687.828584967,0.434777524812,0.392378533333,255,178,117,0,solar_scattering_only,0,0
0,7.0,1661.15079249,1523.82904154,751.560930142,0.42198236777,0.387098504203,255,184,128,0,solar_scattering_only,0,0
0,8.0,1580.43552334,1468.7026808,798.818273716,0.410720737731,0.381683807821,255,189,139,0,solar_scattering_only,0,0
0,9.0,1495.95234809,1404.93235154,831.684023433,0.400783604826,0.376398254333,255,194,148,0,solar_scattering_only,0,0
0,10.0,1412.05713411,1337.85549887,852.671836379,0.391956703895,0.371359925144,255,198,157,0,solar_scattering_only,0,0
0,11.0,1331.10777271,1270.65731628,864.179128738,0.384053432222,0.366612165823,255,201,165,0,solar_scattering_only,0,0
0,12.0,1254.31997278,1205.20268576,868.281369193,0.376921225627,0.362161556304,255,205,173,0,solar_scattering_only,0,0
0,13.0,1182.24737504,1142.5421785,866.689731211,0.370438680485,0.357997679621,255,208,180,0,solar_scattering_only,0,0
0,14.0,1115.05687528,1083.22132551,860.777012682,0.364510215563,0.354103227931,255,211,187,0,solar_scattering_only,0,0
0,15.0,1052.69035822,1027.47206756,851.627556238,0.359060630086,0.350458959836,255,214,193,0,solar_scattering_only,0,0
0,16.0,994.961371923,975.332456127,840.089704525,0.354030458971,0.347046032978,255,216,199,0,solar_scattering_only,0,0
0,17.0,941.613935382,926.722489395,826.82334046,0.349372214415,0.343846959037,255,219,204,0,solar_scattering_only,0,0
0,18.0,892.358633991,881.492551121,812.339730522,0.345047470624,0.340845892618,255,222,210,0,solar_scattering_only,0,0
0,19.0,846.894866729,839.454561524,797.033830737,0.341024633899,0.338028598077,255,224,215,0,solar_scattering_only,0,0
0,20.0,804.924466447,800.402036188,781.209915462,0.337277261031,0.335382284602,255,226,220,0,solar_scattering_only,0,0
0,21.0,766.158436701,764.121487204,765.098550572,0.33378305374,0.332895640392,255,229,225,0,solar_scattering_only,0,0
0,22.0,709.187955471,711.642700967,746.013596649,0.327290692195,0.328423558801,255,233,234,0,solar_scattering_only,0,0
0,23.0,676.242270479,680.393118207,729.292304278,0.324192575208,0.326182504073,255,235,238,0,solar_scattering_only,0,0
0,24.0,644.138684361,649.754806396,711.799605186,0.321155158615,0.323955249041,255,237,243,0,solar_scattering_only,0,0
0,25.0,615.829340802,622.660543502,695.628620645,0.318403106752,0.321935053053,255,240,247,0,solar_scattering_only,0,0
0,26.0,589.452893944,597.309411489,679.718089244,0.315809850253,0.320019118975,255,242,251,0,solar_scattering_only,0,0
0,27.0,564.837848362,573.555865091,664.107091956,0.313363437435,0.318200060366,255,244,255,0,solar_scattering_only,0,0
0,28.0,541.82799342,551.266019323,648.822982841,0.311052705033,0.316470888521,252,242,255,0,solar_scattering_only,0,0
0,29.0,520.281359769,530.317160718,633.883997487,0.308867176844,0.314824971503,248,240,255,0,solar_scattering_only,0,0
0,30.0,500.06909343,510.597081364,619.301281963,0.306796980122,0.313255997381,245,239,255,0,solar_scattering_only,0,0
0,31.0,481.074306541,492.003315074,605.080472178,0.304832772099,0.311757939213,242,238,255,0,solar_scattering_only,0,0
0,32.0,463.190949178,474.442334121,591.222924665,0.302965672485,0.310325020528,239,236,255,0,solar_scattering_only,0,0
0,33.0,446.322736073,457.828749715,577.726675786,0.301187201246,0.308951681445,236,235,255,0,solar_scattering_only,0,0
0,34.0,430.382148974,442.084545066,564.587191,0.299489221284,0.307632545772,233,234,255,0,solar_scattering_only,0,0
0,35.0,415.289523823,427.138356544,551.797949281,0.297863886174,0.306362389407,231,233,255,0,solar_scattering_only,0,0
0,36.0,400.972223762,412.924810019,539.350899579,0.296303592178,0.305136109829,228,232,255,0,solar_scattering_only,0,0
0,37.0,387.36389564,399.3839153,527.236817689,0.294800933892,0.303948696658,226,231,255,0,solar_scattering_only,0,0
0,38.0,374.403806526,386.460520232,515.445589386,0.293348662257,0.302795203065,224,230,255,0,solar_scattering_only,0,0
0,39.0,362.036272665,374.103840093,503.966450033,0.291939647388,0.301670720338,222,229,255,0,solar_scattering_only,0,0
0,40.0,350.210238937,362.267121169,492.788234402,0.29056685973,0.300570366249,220,228,255,0,solar_scattering_only,0,0
0,41.0,338.879232287,350.907655358,481.899787547,0.289223424199,0.299489328322,217,227,255,0,solar_scattering_only,0,0
0,42.0,328.002662293,339.988082298,471.291150177,0.28790298854,0.298423141682,215,226,255,0,solar_scattering_only,0,0
0,43.0,317.554652142,329.484925299,460.959417348,0.286601931622,0.297369335937,213,225,255,0,solar_scattering_only,0,0
0,44.0,307.616641272,319.478182723,450.937537666,0.285350099136,0.296353054031,212,224,255,0,solar_scattering_only,0,0
0,45.0,297.857164227,309.621505506,440.833977756,0.28413008747,0.295352256074,210,223,255,0,solar_scattering_only,0,0
0,46.0,289.352241628,300.971960726,431.433075641,0.283190781079,0.294563070122,208,223,255,0,solar_scattering_only,0,0
0,47.0,281.250583729,292.720304405,422.341624572,0.282291530159,0.293803701822,207,222,255,0,solar_scattering_only,0,0
0,48.0,273.573312938,284.888774437,413.605853808,0.281434353863,0.2930749615,206,221,255,0,solar_scattering_only,0,0
0,49.0,266.286920276,277.445130302,405.201945894,0.28061690409,0.292375582847,204,221,255,0,solar_scattering_only,0,0
0,50.0,259.367709877,270.366749397,397.118004641,0.279837104582,0.291704192331,203,220,255,0,solar_scattering_only,0,0
0,51.0,252.792971494,263.631855694,389.341656572,0.279092874407,0.291059407056,202,220,255,0,solar_scattering_only,0,0
0,52.0,246.54183328,257.220391269,381.861176878,0.278382247898,0.290439921591,201,219,255,0,solar_scattering_only,0,0
0,53.0,240.595298641,251.114068872,374.665685016,0.277703401014,0.28984452881,200,219,255,0,solar_scattering_only,0,0
0,54.0,234.936112638,245.296252955,367.745143082,0.277054650901,0.289272121543,199,218,255,0,solar_scattering_only,0,0
0,55.0,229.548593599,239.751804258,361.090302159,0.276434446573,0.288721687579,198,218,255,0,solar_scattering_only,0,0
0,56.0,224.418468793,234.466926758,354.692636878,0.275841357371,0.288192302905,197,218,255,0,solar_scattering_only,0,0
0,57.0,219.532726873,229.429029097,348.544280207,0.275274063035,0.287683125506,196,217,255,0,solar_scattering_only,0,0
0,58.0,214.879489238,224.626602864,342.637962329,0.274731346509,0.287193390516,196,217,255,0,solar_scattering_only,0,0
0,59.0,210.447899201,220.049117013,336.966955207,0.274212089476,0.286722406793,195,216,255,0,solar_scattering_only,0,0
0,60.0,206.228025443,215.68692529,331.52502123,0.273715270117,0.28626955473,194,216,255,0,solar_scattering_only,0,0
2,0.0,123.421756581,118.705751835,93.5290903665,0.367702458491,0.353652370505,255,207,184,0,solar_scattering_only,0,1
2,1.0,160.558332491,142.973021647,91.963235692,0.405968467382,0.361504367754,255,180,149,0,solar_scattering_only,0,1
2,2.0,230.946622874,203.593384991,106.32466282,0.426995208582,0.37642204423,255,174,129,0,solar_scattering_only,0,1
2,3.0,283.368378647,259.382005196,132.786642957,0.419471276044,0.383964157265,255,184,131,0,solar_scattering_only,0,1
2,4.0,311.994038473,296.855393765,166.488391509,0.402397547129,0.3828723231,255,196,145,0,solar_scattering_only,0,1
2,5.0,323.470755366,317.01599203,200.460124006,0.384650643657,0.376975053729,255,208,161,0,solar_scattering_only,0,0
2,6.0,324.276139735,324.542098298,230.153945734,0.368926509535,0.369229088578,255,217,178,0,solar_scattering_only,0,0
2,7.0,318.832643362,323.778351849,253.775656644,0.355686513964,0.361203896978,255,225,194,0,solar_scattering_only,0,0
2,8.0,309.905697268,317.906553686,271.251530948,0.344698233325,0.353597331007,255,232,208,0,solar_scattering_only,0,0
2,9.0,299.177243294,309.064137558,283.304673215,0.33557127187,0.346660877638,255,238,220,0,solar_scattering_only,0,0
2,10.0,287.665124271,298.634694126,290.89033385,0.327939299744,0.340444649728,255,243,231,0,solar_scattering_only,0,0
2,11.0,275.986163404,287.499472703,294.940817437,0.321502398096,0.334914507255,255,247,241,0,solar_scattering_only,0,0
2,12.0,264.495586593,276.196206237,296.260652975,0.316022239876,0.330002269091,255,251,250,0,solar_scattering_only,0,0
2,13.0,253.39560911,265.048765339,295.499495442,0.311318284324,0.325635188302,253,251,255,0,solar_scattering_only,0,0
2,14.0,242.789342666,254.243372326,293.176474888,0.307246923695,0.321741857197,246,248,255,0,solar_scattering_only,0,0
2,15.0,232.721774413,243.881275584,289.697628004,0.303695117457,0.3182579405,240,244,255,0,solar_scattering_only,0,0
2,16.0,223.205559779,234.013215648,285.378052163,0.300574351366,0.315128218912,235,241,255,0,solar_scattering_only,0,0
2,17.0,214.233428099,224.657744349,280.459363524,0.297815067044,0.312306355685,231,238,255,0,solar_scattering_only,0,0
2,18.0,205.787397186,215.814453903,275.127106536,0.295362199222,0.309753816806,227,236,255,0,solar_scattering_only,0,0
2,19.0,197.406208408,207.030194743,269.543249373,0.292896391854,0.307175734413,223,234,255,0,solar_scattering_only,0,0
2,20.0,189.831844126,199.06082676,263.484444246,0.290984830281,0.305131529207,220,232,255,0,solar_scattering_only,0,0
2,21.0,179.02548005,188.112728493,257.132722954,0.286775294215,0.301331872111,213,229,255,0,solar_scattering_only,0,0
2,22.0,172.410767901,181.110027902,251.106221909,0.285152272145,0.299540084377,211,227,255,0,solar_scattering_only,0,0
2,23.0,166.165106518,174.493620398,245.129834813,0.283660551561,0.297878162528,209,226,255,0,solar_scattering_only,0,0
2,24.0,160.25606369,168.231587692,239.22100662,0.282285748915,0.296334370317,207,224,255,0,solar_scattering_only,0,0
2,25.0,154.658906898,162.299026514,233.404578012,0.281012793727,0.294894770529,205,223,255,0,solar_scattering_only,0,0
2,26.0,149.350763619,156.672642008,227.698533722,0.279828788378,0.293547314542,203,222,255,0,solar_scattering_only,0,0
2,27.0,144.310443433,151.33067464,222.115809459,0.278722380637,0.292281313089,201,221,255,0,solar_scattering_only,0,0
2,28.0,139.518263788,146.252594761,216.664119497,0.277684217628,0.291087605664,200,220,255,0,solar_scattering_only,0,0
2,29.0,134.956231703,141.419609643,211.348517756,0.276705949137,0.28995806136,198,219,255,0,solar_scattering_only,0,0
2,30.0,130.608186414,136.814753136,206.171939904,0.275780402365,0.288885625819,197,218,255,0,solar_scattering_only,0,0
2,31.0,126.458513448,132.421614965,201.135217218,0.27490064114,0.287863472865,196,217,255,0,solar_scattering_only,0,0
2,32.0,122.492982521,128.225181943,196.237769099,0.274060535553,0.286885512227,194,217,255,0,solar_scattering_only,0,0
2,33.0,118.698621747,124.211742285,191.478003887,0.273254604666,0.285946290137,193,216,255,0,solar_scattering_only,0,0
2,34.0,115.063384415,120.368551056,186.853564817,0.272477706046,0.285040691603,192,215,255,0,solar_scattering_only,0,0
2,35.0,111.576011855,116.683670067,182.361320525,0.271725048621,0.284163911178,191,214,255,0,solar_scattering_only,0,0
2,36.0,108.226018045,113.145975701,177.99756806,0.270992154624,0.283311465173,190,214,255,0,solar_scattering_only,0,0
2,37.0,105.003767121,109.745252296,173.758463838,0.27027476084,0.282479120805,189,213,255,0,solar_scattering_only,0,0
2,38.0,101.900217446,106.471907555,169.639813044,0.269568781275,0.281662817596,188,212,255,0,solar_scattering_only,0,0
2,39.0,98.9070318069,103.317093879,165.637384477,0.268870292418,0.280858668343,187,212,255,0,solar_scattering_only,0,0
2,40.0,96.0169020536,100.273026419,161.747349753,0.26817571212,0.280063089844,186,211,255,0,solar_scattering_only,0,0
2,41.0,93.2271403466,97.3368279604,157.967826315,0.267485324969,0.279276753118,185,211,255,0,solar_scattering_only,0,0
2,42.0,90.5233777065,94.4924961523,154.274897907,0.266801767803,0.278500047793,184,210,255,0,solar_scattering_only,0,0
2,43.0,87.91824662,91.7505846269,150.643237336,0.266167224822,0.277769398558,183,209,255,0,solar_scattering_only,0,0
2,44.0,85.4659743547,89.1677979176,147.116897525,0.265627960957,0.277133216145,182,209,255,0,solar_scattering_only,0,0
2,45.0,83.1889074172,86.7648893189,143.759933532,0.265174582401,0.276573451996,181,209,255,0,solar_scattering_only,0,0
2,46.0,81.0150937718,84.4715802771,140.532520169,0.264738602357,0.276033601398,181,208,255,0,solar_scattering_only,0,0
2,47.0,78.9421018592,82.2851750865,137.433442537,0.264320336453,0.275513884882,180,208,255,0,solar_scattering_only,0,0
2,48.0,76.9647699333,80.2001595206,134.457849225,0.263918923898,0.275013357612,180,207,255,0,solar_scattering_only,0,0
2,49.0,75.0779202446,78.2110215332,131.600613582,0.263533424908,0.274531024608,179,207,255,0,solar_scattering_only,0,0
2,50.0,73.2767057105,76.3126016705,128.856835107,0.263162940796,0.274065932423,179,207,255,0,solar_scattering_only,0,0
2,51.0,71.5566791296,74.5001690728,126.22193771,0.262806662994,0.273617236918,178,206,255,0,solar_scattering_only,0,0
2,52.0,69.9137799136,72.7694012863,123.691700219,0.262463861237,0.273184171491,178,206,255,0,solar_scattering_only,0,0
2,53.0,68.3442889592,71.1163384574,121.262200482,0.262133889502,0.272766059768,177,206,255,0,solar_scattering_only,0,0
2,54.0,66.8448022787,69.53735516,118.929804566,0.26181617874,0.27236230772,177,205,255,0,solar_scattering_only,0,0
2,55.0,65.4122006764,68.0291283463,116.691143653,0.261510230866,0.271972397741,176,205,255,0,solar_scattering_only,0,0
2,56.0,64.0436218183,66.5886078056,114.54309174,0.261215612819,0.271595882632,176,205,255,0,solar_scattering_only,0,0
2,57.0,62.7364345077,65.2129889325,112.482743419,0.260931951524,0.271232380361,175,204,255,0,solar_scattering_only,0,0
2,58.0,61.4882154377,63.8996881194,110.507393608,0.260658928671,0.270881568591,175,204,255,0,solar_scattering_only,0,0
2,59.0,60.2967280837,62.646320396,108.614518369,0.260396275985,0.270543179601,175,204,255,0,solar_scattering_only,0,0
2,60.0,59.1599033485,61.4506789732,106.801757183,0.260143770023,0.270216994852,174,204,255,0,solar_scattering_only,0,0
4,0.0,25.3854873493,25.3537889404,23.0124380385,0.344201996937,0.343772197993,255,225,210,0,solar_scattering_only,0,1
4,1.0,31.2294988272,29.1912044328,21.653611601,0.380502705141,0.355667963629,255,197,172,0,solar_scattering_only,0,1
4,2.0,46.4997800279,43.2858181025,25.7047995463,0.402628971441,0.37480014766,255,191,147,0,solar_scattering_only,0,1
4,3.0,59.2129066769,57.4134380734,33.7480137661,0.393769970234,0.381803378181,255,203,152,0,solar_scattering_only,0,1
4,4.0,66.4194917995,66.8449704895,43.912233425,0.374877133428,0.377278570526,255,217,170,0,solar_scattering_only,0,1
4,5.0,69.1624048849,71.4236333493,53.7046846043,0.355973789559,0.367612165449,255,230,192,0,solar_scattering_only,0,0
4,6.0,69.0851855626,72.5121239059,61.6845504117,0.339849239885,0.356707302603,255,241,213,0,solar_scattering_only,0,0
4,7.0,67.3907333763,71.4250653716,67.4552116534,0.326709668243,0.346268073408,255,250,232,0,solar_scattering_only,0,0
4,8.0,64.8457773779,69.1063512257,71.1885721232,0.316103908918,0.336872941259,253,255,247,0,solar_scattering_only,0,0
4,9.0,61.9147674087,66.1686574485,73.2609411298,0.307506828439,0.328634263612,247,255,255,0,solar_scattering_only,0,0
4,10.0,58.8610010586,62.9742693776,74.0589032747,0.300473464543,0.321470864522,235,247,255,0,solar_scattering_only,0,0
4,11.0,55.8344852221,59.737270221,73.9280806854,0.29464133776,0.315236527067,225,241,255,0,solar_scattering_only,0,0
4,12.0,52.9217405296,56.5823683317,73.1310599556,0.289767523267,0.309810912642,218,236,255,0,solar_scattering_only,0,0
4,13.0,50.1668940123,53.5790161468,71.8771668718,0.285650922763,0.305079588928,211,232,255,0,solar_scattering_only,0,0
4,14.0,47.5820736953,50.7510044043,70.3150402606,0.282138183088,0.300928376182,206,229,255,0,solar_scattering_only,0,0
4,15.0,45.1718216067,48.1090559512,68.5560499749,0.279119372169,0.297268717867,201,226,255,0,solar_scattering_only,0,0
4,16.0,42.9293902606,45.6502620144,66.6832911797,0.276494759827,0.294019042784,198,223,255,0,solar_scattering_only,0,0
4,17.0,40.8414023135,43.3624854415,64.7435744279,0.274200054938,0.291126044083,194,220,255,0,solar_scattering_only,0,0
4,18.0,38.5712024462,40.8916363715,62.7201751342,0.271278554127,0.287598604326,190,218,255,0,solar_scattering_only,0,0
4,19.0,36.1525082246,38.293916164,60.5845951116,0.267734838694,0.283593475823,184,214,255,0,solar_scattering_only,0,0
4,20.0,34.4926167828,36.4799292846,58.6488958736,0.26610270852,0.281434373344,182,213,255,0,solar_scattering_only,0,0
4,21.0,32.9465144896,34.7936990919,56.7627430279,0.264624354207,0.279460825987,180,211,255,0,solar_scattering_only,0,0
4,22.0,31.5033020871,33.2228375538,54.9333949871,0.263274482765,0.277644716379,178,210,255,0,solar_scattering_only,0,0
4,23.0,30.1540519557,31.7573019022,53.1656832384,0.262033614321,0.275965585346,176,208,255,0,solar_scattering_only,0,0
4,24.0,28.8904243931,30.387300499,51.4615811981,0.260886810773,0.274403927312,175,207,255,0,solar_scattering_only,0,0
4,25.0,27.7044830995,29.1037139527,49.8210420799,0.259820695759,0.272943089434,173,206,255,0,solar_scattering_only,0,0
4,26.0,26.5897926948,27.8993386224,48.2439698071,0.258824005153,0.271571074143,172,205,255,0,solar_scattering_only,0,0
4,27.0,25.5405719924,26.7676621315,46.7294520038,0.257887406209,0.270277539572,170,204,255,0,solar_scattering_only,0,0
4,28.0,24.5512684416,25.7024188609,45.2756538696,0.257002384193,0.269052613004,169,203,255,0,solar_scattering_only,0,0
4,29.0,23.6167401614,24.6978184122,43.8804315785,0.256160775357,0.267886773147,168,202,255,0,solar_scattering_only,0,0
4,30.0,22.7324807852,23.7488368243,42.5417657264,0.255354902721,0.266771672407,167,201,255,0,solar_scattering_only,0,0
4,31.0,21.8949760952,22.8515293542,41.25758539,0.254580635427,0.265702818682,166,201,255,0,solar_scattering_only,0,0
4,32.0,21.100390263,22.001591453,40.0256225729,0.253831328877,0.2646725073,165,200,255,0,solar_scattering_only,0,0
4,33.0,20.3451864751,21.1949959252,38.8428915236,0.253102867084,0.263674862015,164,199,255,0,solar_scattering_only,0,0
4,34.0,19.6260189247,20.4279244043,37.7066418337,0.252390319385,0.262702812248,163,198,255,0,solar_scattering_only,0,0
4,35.0,18.9396931435,19.6967967297,36.6143274069,0.251687540788,0.261748608741,162,198,255,0,solar_scattering_only,0,0
4,36.0,18.2834945503,18.9985804936,35.5634535996,0.250989935701,0.260806405656,161,197,255,0,solar_scattering_only,0,0
4,37.0,17.6549156897,18.3304870287,34.5516947417,0.250292630764,0.259870163201,160,196,255,0,solar_scattering_only,0,0
4,38.0,17.0517413171,17.6900661838,33.5767771375,0.249591548294,0.258934904425,159,196,255,0,solar_scattering_only,0,0
4,39.0,16.4727742194,17.0759773208,32.6374526706,0.248885314029,0.257999042616,158,195,255,0,solar_scattering_only,0,0
4,40.0,15.9149848889,16.4849300719,31.7240717415,0.248190820742,0.257078995235,157,194,255,0,solar_scattering_only,0,0
4,41.0,15.3834896799,15.9225624606,30.8366105415,0.247551183293,0.256225944841,156,194,255,0,solar_scattering_only,0,0
4,42.0,14.8683470291,15.3776702698,29.9621011556,0.246949205701,0.255408583835,155,193,255,0,solar_scattering_only,0,0
4,43.0,14.4036477825,14.8864206257,29.1424781957,0.246500428608,0.254762482399,154,193,255,0,solar_scattering_only,0,0
4,44.0,13.9617665897,14.4197062947,28.358825178,0.246064385744,0.254135187638,154,192,255,0,solar_scattering_only,0,0
4,45.0,13.5432237846,13.978027291,27.6121932099,0.245644435245,0.253530819127,153,192,255,0,solar_scattering_only,0,0
4,46.0,13.1467323983,13.5599665539,26.9009200514,0.245239998393,0.25294849512,152,191,255,0,solar_scattering_only,0,0
4,47.0,12.7708760911,13.1639815282,26.2231422415,0.244849804923,0.252386624551,152,191,255,0,solar_scattering_only,0,0
4,48.0,12.414348518,12.7886332185,25.5769897493,0.244473325896,0.251844040954,151,191,255,0,solar_scattering_only,0,0
4,49.0,12.0759799542,12.4326446402,24.9607675677,0.244110134094,0.251319939397,151,190,255,0,solar_scattering_only,0,0
4,50.0,11.7546539186,12.0948035434,24.3728956777,0.243759442525,0.250813217439,150,190,255,0,solar_scattering_only,0,0
4,51.0,11.4493604186,11.7740169508,23.8119141572,0.243420632614,0.250323035505,150,189,255,0,solar_scattering_only,0,0
4,52.0,11.1591805938,11.4692937693,23.2764932121,0.243093093913,0.24984864112,149,189,255,0,solar_scattering_only,0,0
4,53.0,10.8832605861,11.1797117872,22.7653465544,0.242776460202,0.249389494289,149,189,255,0,solar_scattering_only,0,0
4,54.0,10.6208920707,10.9045075142,22.2774241232,0.242470488695,0.248945309711,149,189,255,0,solar_scattering_only,0,0
4,55.0,10.3714003903,10.6429622635,21.8116263452,0.242175385385,0.248516438552,148,188,255,0,solar_scattering_only,0,0
4,56.0,10.1341973395,10.394447895,21.3670476466,0.241891150201,0.248103019193,148,188,255,0,solar_scattering_only,0,0
4,57.0,9.90871975099,10.1583612956,20.9428123695,0.241617788431,0.247705137698,147,188,255,0,solar_scattering_only,0,0
4,58.0,9.69442481592,9.9341226923,20.5380906783,0.241355145803,0.247322732019,147,187,255,0,solar_scattering_only,0,0
4,59.0,9.49078251446,9.72115648971,20.1521199486,0.241102741103,0.246955134921,147,187,255,0,solar_scattering_only,0,0
4,60.0,9.29731742237,9.51894605641,19.7841989399,0.24086026021,0.246601865884,146,187,255,0,solar_scattering_only,0,0
6,0.0,3.8649253669,3.88809890152,3.56932903265,0.341353538803,0.34340024535,255,228,214,0,solar_scattering_only,0,1
6,1.0,5.0933865445,4.66391040686,3.08157802063,0.396715954911,0.363264726624,255,188,156,0,solar_scattering_only,0,1
6,2.0,8.51832200245,7.90664833621,4.07087629239,0.415612106969,0.385768320701,255,188,133,0,solar_scattering_only,0,1
6,3.0,11.1188571521,10.9474794417,6.10063380085,0.394748068263,0.388663718117,255,206,149,0,solar_scattering_only,0,1
6,4.0,12.3394500455,12.7186072716,8.5223929018,0.36745933914,0.378750349943,255,226,177,0,solar_scattering_only,0,1
6,5.0,12.5669291307,13.3255324408,10.6379702635,0.344012608103,0.364778946523,255,242,206,0,solar_scattering_only,0,0
6,6.0,12.2201384907,13.1649291628,12.1414783102,0.325639841795,0.350816437397,255,255,232,0,solar_scattering_only,0,0
6,7.0,11.5835942242,12.580688723,13.0322925728,0.311415609159,0.338221692377,244,255,246,0,solar_scattering_only,0,0
6,8.0,10.8372757199,11.8110846453,13.4298036128,0.300383238085,0.327374881175,235,253,255,0,solar_scattering_only,0,0
6,9.0,10.0626354172,10.9745152831,13.4679901403,0.29162713648,0.318054499005,220,244,255,0,solar_scattering_only,0,0
6,10.0,9.32000560053,10.1559462101,13.2664609089,0.284646268446,0.310177087348,209,237,255,0,solar_scattering_only,0,0
6,11.0,8.61880975493,9.37562945991,12.9111388407,0.278875539537,0.303363666036,200,231,255,0,solar_scattering_only,0,0
6,12.0,7.98230012906,8.6637433416,12.4662178502,0.274190315932,0.29759774571,193,226,255,0,solar_scattering_only,0,0
6,13.0,7.39744604497,8.00868174014,11.972831432,0.270187262646,0.292512278376,187,222,255,0,solar_scattering_only,0,0
6,14.0,6.87277777081,7.42149999258,11.4638290974,0.266819988283,0.288122882349,182,218,255,0,solar_scattering_only,0,0
6,15.0,6.40195172198,6.89502125479,10.9537444279,0.263990199347,0.284322362086,178,215,255,0,solar_scattering_only,0,0
6,16.0,5.80406461743,6.23413668071,10.3793014866,0.258907723718,0.278092379003,170,211,255,0,solar_scattering_only,0,0
6,17.0,5.41451638779,5.80094356534,9.87395768873,0.256740915266,0.275064189246,167,208,255,0,solar_scattering_only,0,0
6,18.0,5.04211315424,5.38812775769,9.38883084095,0.254407129512,0.271865797999,164,206,255,0,solar_scattering_only,0,0
6,19.0,4.73180150878,5.04383983433,8.95180922391,0.252666613207,0.269328695664,161,204,255,0,solar_scattering_only,0,0
6,20.0,4.44865697843,4.73027911581,8.5388208067,0.251084660621,0.266979569832,159,202,255,0,solar_scattering_only,0,0
6,21.0,4.19043724536,4.44527560571,8.15028231423,0.249638892666,0.264820498394,157,201,255,0,solar_scattering_only,0,0
6,22.0,3.95458212603,4.18599271764,7.78570237833,0.24830549355,0.26283560554,155,199,255,0,solar_scattering_only,0,0
6,23.0,3.73841879133,3.94907920715,7.44305818046,0.247077420494,0.261000267303,154,198,255,0,solar_scattering_only,0,0
6,24.0,3.53928213292,3.73141116163,7.12110443383,0.245923560052,0.259273457844,152,197,255,0,solar_scattering_only,0,0
6,25.0,3.3551993487,3.53069024927,6.81838706109,0.244828635043,0.257634192385,150,195,255,0,solar_scattering_only,0,0
6,26.0,3.18496649371,3.34553238953,6.53356817174,0.243795938915,0.25608659045,149,194,255,0,solar_scattering_only,0,0
6,27.0,3.02721194679,3.17438790408,6.26558438647,0.242814406939,0.254619474907,148,193,255,0,solar_scattering_only,0,0
6,28.0,2.88059409631,3.01572349609,6.01335223535,0.241870189348,0.253216381286,146,192,255,0,solar_scattering_only,0,0
6,29.0,2.74388861944,2.86812088974,5.77570077187,0.240951741107,0.25186106943,145,191,255,0,solar_scattering_only,0,0
6,30.0,2.61609790513,2.730373444,5.55128434973,0.240058409953,0.250544563436,144,190,255,0,solar_scattering_only,0,0
6,31.0,2.49619018413,2.60130896049,5.33898153207,0.239179303968,0.249251547631,142,189,255,0,solar_scattering_only,0,0
6,32.0,2.38341549923,2.48010791815,5.13785966294,0.238308589931,0.247976494674,141,188,255,0,solar_scattering_only,0,0
6,33.0,2.27712224916,2.36606124094,4.94707527226,0.237441168751,0.24671505739,140,188,255,0,solar_scattering_only,0,0
6,34.0,2.17666415348,2.2584344561,4.76578830762,0.236571123313,0.245458342921,139,187,255,0,solar_scattering_only,0,0
6,35.0,2.08147726858,2.15661025401,4.59330415707,0.235690743212,0.244198234235,137,186,255,0,solar_scattering_only,0,0
6,36.0,1.99105052045,2.06000742977,4.42899282623,0.234792287563,0.242923949877,136,185,255,0,solar_scattering_only,0,0
6,37.0,1.90500632419,1.96819165214,4.27236143397,0.233870533408,0.241627560858,135,184,255,0,solar_scattering_only,0,0
6,38.0,1.82369212246,1.88161078712,4.12261141591,0.232972928245,0.240371918864,133,183,255,0,solar_scattering_only,0,0
6,39.0,1.74261084598,1.79532438415,3.97171851635,0.232049426619,0.239068863194,132,182,255,0,solar_scattering_only,0,0
6,40.0,1.67269086057,1.72123310875,3.8329786248,0.231453356233,0.23817023771,131,182,255,0,solar_scattering_only,0,0
6,41.0,1.6066056398,1.65129047993,3.70081334848,0.230876953139,0.237298379459,130,181,255,0,solar_scattering_only,0,0
6,42.0,1.54500636386,1.58616637663,3.57667700207,0.230328111564,0.236464207981,130,180,255,0,solar_scattering_only,0,0
6,43.0,1.48727818685,1.5251995186,3.45965917867,0.22979708456,0.235656251699,129,180,255,0,solar_scattering_only,0,0
6,44.0,1.43317313988,1.46811668434,3.34932157194,0.229285272919,0.234875693159,128,179,255,0,solar_scattering_only,0,0
6,45.0,1.38245430136,1.41467082018,3.24526294891,0.228792703355,0.234124456041,127,179,255,0,solar_scattering_only,0,0
6,46.0,1.3348816478,1.36460005691,3.14707056689,0.228319458338,0.233402524004,127,178,255,0,solar_scattering_only,0,0
6,47.0,1.29019425291,1.31761519182,3.05432363344,0.227863639922,0.23270650365,126,178,255,0,solar_scattering_only,0,0
6,48.0,1.24815154526,1.27344872943,2.96664576064,0.227422666044,0.232032004621,125,177,255,0,solar_scattering_only,0,0
6,49.0,1.20855583388,1.23188769003,2.88371618845,0.226994661913,0.231376922667,125,177,255,0,solar_scattering_only,0,0
6,50.0,1.17123665164,1.19274667363,2.80522574298,0.226579470123,0.23074065256,124,177,255,0,solar_scattering_only,0,0
6,51.0,1.13604064705,1.15586521619,2.73089176972,0.226176869957,0.230123787708,124,176,255,0,solar_scattering_only,0,0
6,52.0,1.10283339984,1.12109690126,2.66046797097,0.225786952335,0.229526103077,123,176,255,0,solar_scattering_only,0,0
6,53.0,1.07148669022,1.08830527096,2.59373622606,0.225408717066,0.22894684287,122,175,255,0,solar_scattering_only,0,0
6,54.0,1.04189718196,1.05738251573,2.53050468105,0.225042269083,0.228386989378,122,175,255,0,solar_scattering_only,0,0
6,55.0,1.01396409738,1.02822020646,2.47060008003,0.224687024933,0.227846074396,121,175,255,0,solar_scattering_only,0,0
6,56.0,0.98758843139,1.00070702751,2.41382867218,0.224343612761,0.227323673235,121,174,255,0,solar_scattering_only,0,0
6,57.0,0.962681026839,0.974743558236,2.36002045674,0.224012411438,0.226819319096,120,174,255,0,solar_scattering_only,0,0
6,58.0,0.939153559195,0.950234280452,2.3090139089,0.223693113581,0.226332384885,120,174,255,0,solar_scattering_only,0,0
6,59.0,0.916933015758,0.927103422328,2.26066224607,0.223386193802,0.225863941221,120,173,255,0,solar_scattering_only,0,0
6,60.0,0.89596487688,0.905296267319,2.21483854871,0.223093285872,0.22541678159,119,173,255,0,solar_scattering_only,0,0
9,0.0,0.227698618812,0.230213100493,0.198352111224,0.346962011648,0.350793522031,255,227,206,0,solar_scattering_only,0,1
9,1.0,0.3618717341,0.324975795483,0.178785197016,0.418043037168,0.37541995063,255,180,136,0,solar_scattering_only,0,1
9,2.0,0.667519567418,0.627872857092,0.280146804255,0.42367689438,0.398512995188,255,190,122,0,solar_scattering_only,0,1
9,3.0,0.878916068127,0.888547440329,0.476354363491,0.391705618854,0.395998022584,255,214,148,0,solar_scattering_only,0,1
9,4.0,0.948160812939,1.00519464476,0.683909957959,0.35952422813,0.381150353238,255,236,184,0,solar_scattering_only,0,1
9,5.0,0.923890075808,1.00545763834,0.835046287629,0.334210707741,0.363717197221,255,254,219,0,solar_scattering_only,0,0
9,6.0,0.852842397965,0.93985187923,0.913893118829,0.315098784254,0.347246085831,242,255,237,0,solar_scattering_only,0,0
9,7.0,0.764695400664,0.846916273265,0.933082309576,0.30050583906,0.332816550342,231,255,251,0,solar_scattering_only,0,0
9,8.0,0.675966476082,0.749105305841,0.911952370342,0.289242400609,0.320538110449,216,247,255,0,solar_scattering_only,0,0
9,9.0,0.594360987571,0.65740136302,0.867590514912,0.280444562699,0.310189668611,202,237,255,0,solar_scattering_only,0,0
9,10.0,0.522733721018,0.576204266965,0.8125047518,0.273476003303,0.301449923125,191,230,255,0,solar_scattering_only,0,0
9,11.0,0.461319553536,0.506338044936,0.75446960668,0.267877745707,0.294018957149,183,224,255,0,solar_scattering_only,0,0
9,12.0,0.409209280659,0.447095625788,0.698104043261,0.263257156835,0.287630630197,176,218,255,0,solar_scattering_only,0,0
9,13.0,0.350662128203,0.381082287289,0.636953311498,0.256201293601,0.278426916166,165,211,255,0,solar_scattering_only,0,0
9,14.0,0.312758938366,0.338319506145,0.585420445807,0.25293911771,0.273610844938,161,208,255,0,solar_scattering_only,0,0
9,15.0,0.278527741017,0.29977565551,0.539620983296,0.24914721071,0.268153786535,155,203,255,0,solar_scattering_only,0,0
9,16.0,0.252314842007,0.270325394632,0.501568938392,0.246350890188,0.263935728387,151,200,255,0,solar_scattering_only,0,0
9,17.0,0.230094189077,0.245444167274,0.467818878398,0.243909921503,0.260181570918,148,198,255,0,solar_scattering_only,0,0
9,18.0,0.210879890183,0.224013909602,0.437805472068,0.241640960391,0.256690840508,145,195,255,0,solar_scattering_only,0,0
9,19.0,0.194399339195,0.205699013466,0.411122188869,0.239638087601,0.253567313616,142,193,255,0,solar_scattering_only,0,0
9,20.0,0.179958754419,0.189696491315,0.387270960552,0.237749404003,0.250614247121,139,191,255,0,solar_scattering_only,0,0
9,21.0,0.167372129559,0.175804461585,0.365925872717,0.236033772395,0.247925328912,137,189,255,0,solar_scattering_only,0,0
9,22.0,0.156215039221,0.163512184886,0.346682523631,0.234412896497,0.245362834864,134,187,255,0,solar_scattering_only,0,0
9,23.0,0.146312270509,0.152642812849,0.329317473502,0.232880250636,0.242956358959,132,185,255,0,solar_scattering_only,0,0
9,24.0,0.137450421388,0.142940645139,0.313526703546,0.231430053644,0.240674134269,130,184,255,0,solar_scattering_only,0,0
9,25.0,0.129440013479,0.134189163891,0.299115557624,0.230015503354,0.238454765627,128,182,255,0,solar_scattering_only,0,0
9,26.0,0.122193196809,0.126297497397,0.285910650627,0.228654358733,0.236334542602,126,181,255,0,solar_scattering_only,0,0
9,27.0,0.115564603755,0.119093736061,0.27373374846,0.22731393037,0.234255683374,124,179,255,0,solar_scattering_only,0,0
9,28.0,0.109466415862,0.11247956704,0.262463518483,0.225979084945,0.232199341091,122,178,255,0,solar_scattering_only,0,0
9,29.0,0.103839464986,0.1063920122,0.251989753082,0.22465317079,0.230175520364,120,177,255,0,solar_scattering_only,0,0
9,30.0,0.0985996804245,0.100733354956,0.242200924497,0.223311657504,0.228144070693,118,175,255,0,solar_scattering_only,0,0
9,31.0,0.0936904777369,0.0954394630968,0.233010362527,0.22194156064,0.226084698232,116,174,255,0,solar_scattering_only,0,0
9,32.0,0.0890741278878,0.0904706766886,0.224356387731,0.220534451456,0.223992101068,114,172,255,0,solar_scattering_only,0,0
9,33.0,0.0847092202173,0.0857787091044,0.216168104916,0.219081593759,0.221847589353,112,171,255,0,solar_scattering_only,0,0
9,34.0,0.0805632548594,0.0813266119717,0.20840043704,0.217567821834,0.219629331693,110,170,255,0,solar_scattering_only,0,0
9,35.0,0.0766607110392,0.0771527943268,0.200925348958,0.216104636142,0.217491806681,107,168,255,0,solar_scattering_only,0,0
9,36.0,0.0726614160861,0.0728759524327,0.193204059017,0.214504073549,0.215137407204,105,167,255,0,solar_scattering_only,0,0
9,37.0,0.0694455654466,0.0694810506997,0.186231606988,0.213574686124,0.213683818388,103,166,255,0,solar_scattering_only,0,0
9,38.0,0.0664164457899,0.0662880017804,0.179597188254,0.212667620567,0.212256338669,102,165,255,0,solar_scattering_only,0,0
9,39.0,0.0636562285944,0.0633851811329,0.173482826988,0.211817287318,0.210915371837,100,164,255,0,solar_scattering_only,0,0
9,40.0,0.0611151465186,0.0607181853222,0.167804999233,0.21100503615,0.20963449519,99,163,255,0,solar_scattering_only,0,0
9,41.0,0.0587734936892,0.0582654085918,0.162531684994,0.210227743419,0.208410366626,98,162,255,0,solar_scattering_only,0,0
9,42.0,0.0566124980461,0.0560056137416,0.157625999255,0.209486518791,0.207240829506,97,161,255,0,solar_scattering_only,0,0
9,43.0,0.0546147045146,0.0539198419976,0.15305491446,0.208780217336,0.20612390804,95,161,255,0,solar_scattering_only,0,0
9,44.0,0.0527654712603,0.0519925956787,0.148790324316,0.208108089344,0.205059852368,94,160,255,0,solar_scattering_only,0,0
9,45.0,0.0510516760109,0.0502096823556,0.144807341509,0.207469198792,0.204047415949,93,159,255,0,solar_scattering_only,0,0
9,46.0,0.0494605330418,0.0485573542121,0.141083952124,0.206859692801,0.203082311447,92,159,255,0,solar_scattering_only,0,0
9,47.0,0.0479816049986,0.0470242382528,0.137599615984,0.206278928948,0.20216308941,91,158,255,0,solar_scattering_only,0,0
9,48.0,0.0466058437754,0.0456002980199,0.134334620115,0.205728290937,0.201289594135,90,158,255,0,solar_scattering_only,0,0
9,49.0,0.0453251236259,0.0442768743654,0.131273173808,0.205206964896,0.200461074935,89,157,255,0,solar_scattering_only,0,0
9,50.0,0.0441327352949,0.0430468685527,0.128401322396,0.204715398824,0.199678465543,89,156,255,0,solar_scattering_only,0,0
9,51.0,0.0430213229033,0.0419022835708,0.125705751776,0.204251312641,0.198938476188,88,156,255,0,solar_scattering_only,0,0
9,52.0,0.0419846222471,0.0408364499653,0.123174574991,0.203813152448,0.198239382821,87,156,255,0,solar_scattering_only,0,0
9,53.0,0.0410172769187,0.0398437025365,0.120797388954,0.20339982537,0.1975802088,86,155,255,0,solar_scattering_only,0,0
9,54.0,0.0401149854773,0.0389193045449,0.118564004006,0.203012812811,0.196961743705,86,155,255,0,solar_scattering_only,0,0
9,55.0,0.0392731699724,0.0380582942763,0.116465091314,0.202651537631,0.196382717772,85,154,255,0,solar_scattering_only,0,0
9,56.0,0.038488492691,0.0372572378885,0.114493123891,0.202316676044,0.195844523939,84,154,255,0,solar_scattering_only,0,0
9,57.0,0.0377569657858,0.0365117965713,0.11264039042,0.202007045802,0.195345150458,84,154,255,0,solar_scattering_only,0,0
9,58.0,0.0319040840763,0.0303754141134,0.100311929012,0.196222424671,0.186820514686,73,148,255,0,solar_scattering_only,0,0
9,59.0,0.0314222774109,0.0298959092327,0.0989442483309,0.19606764003,0.186543460652,72,148,255,0,solar_scattering_only,0,0
9,60.0,0.0305965252108,0.0290928823608,0.0965009130313,0.195892582157,0.186265590905,72,148,255,0,solar_scattering_only,0,0
12,0.0,0.0137332518568,0.0138630255386,0.0129303294636,0.338870014571,0.342072199305,255,230,217,0,solar_scattering_only,1,1
12,1.0,0.0256281405801,0.0226816203634,0.0121892310044,0.423612687665,0.374909062666,255,176,132,0,solar_scattering_only,1,1
12,2.0,0.0486854547996,0.0461041206956,0.0205111086114,0.422247753141,0.399859905887,255,191,122,0,solar_scattering_only,1,1
12,3.0,0.0591785208415,0.0605197988499,0.0341373844785,0.384686514492,0.393405413759,255,219,156,0,solar_scattering_only,1,1
12,4.0,0.0567574043964,0.0607500171066,0.0447426697519,0.34981431417,0.374422082827,255,242,197,0,solar_scattering_only,1,1
12,5.0,0.0487685452556,0.0534437802398,0.0490912643206,0.322322459863,0.353222156228,247,255,230,0,solar_scattering_only,1,0
12,6.0,0.040237052387,0.0445232514983,0.0487558062572,0.301364774214,0.333467260623,232,255,250,0,solar_scattering_only,1,0
12,7.0,0.0330441843314,0.036621663756,0.0462459442489,0.285080436299,0.315944245342,210,243,255,0,solar_scattering_only,1,0
12,8.0,0.0275547819921,0.0304432238797,0.0431733821766,0.272357457218,0.30090744495,190,229,255,0,solar_scattering_only,1,0
12,9.0,0.0235011279336,0.0258183396136,0.0402581415854,0.262354936252,0.288223138166,174,219,255,0,solar_scattering_only,1,0
12,10.0,0.0197500544179,0.0215131536338,0.0374530678671,0.250901788574,0.273299941882,157,208,255,0,solar_scattering_only,1,0
12,11.0,0.017416907292,0.0188219026149,0.0349177061488,0.244768972083,0.264514111401,148,201,255,0,solar_scattering_only,1,0
12,12.0,0.0154974694809,0.0166020962481,0.032902528908,0.238414924433,0.255408634766,139,194,255,0,solar_scattering_only,1,0
12,13.0,0.0142653744265,0.0151653209685,0.031420514224,0.23443041668,0.249219712533,133,190,255,0,solar_scattering_only,1,0
12,14.0,0.0132979809189,0.0140365446585,0.030167286821,0.231261944002,0.244106125929,128,186,255,0,solar_scattering_only,1,0
12,15.0,0.012511092817,0.0131191210257,0.0290913361546,0.228631915902,0.239743227783,125,183,255,0,solar_scattering_only,1,0
12,16.0,0.0118464144429,0.0123457258357,0.0281490234308,0.226330742448,0.235870297119,121,181,255,0,solar_scattering_only,1,0
12,17.0,0.0112659339908,0.0116735963186,0.0272967976479,0.22425870777,0.232373598813,118,178,255,0,solar_scattering_only,1,0
12,18.0,0.0107467713132,0.0110774755378,0.0264990177677,0.222393321271,0.229236903284,116,176,255,0,solar_scattering_only,1,0
12,19.0,0.0102739512444,0.0105399491861,0.0257322860981,0.220725950087,0.226440659743,113,174,255,0,solar_scattering_only,1,0
12,20.0,0.00983720231374,0.0100478177514,0.0249855438119,0.219235094542,0.223928938779,111,173,255,0,solar_scattering_only,1,0
12,21.0,0.00942980182495,0.00959183243956,0.0242562361036,0.217889691539,0.221633651517,109,171,255,0,solar_scattering_only,1,0
12,22.0,0.00904687110296,0.00916554152862,0.0235451506292,0.216652275576,0.219494166155,107,170,255,0,solar_scattering_only,1,0
12,23.0,0.00868431617943,0.00876416182168,0.0228534486111,0.215481415144,0.217462601876,106,168,255,0,solar_scattering_only,1,0
12,24.0,0.00833940768209,0.00838441969194,0.0221818683019,0.214349275529,0.215506227206,104,167,255,0,solar_scattering_only,1,0
12,25.0,0.00801017797847,0.00802387535505,0.0215306098415,0.2132370505,0.213601685118,102,166,255,0,solar_scattering_only,1,0
12,26.0,0.00769510687621,0.00768049620402,0.0208994244741,0.212132350959,0.211729576015,101,164,255,0,solar_scattering_only,1,0
12,27.0,0.00739276925021,0.00735241068577,0.0202877300145,0.21102355644,0.209871537824,99,163,255,0,solar_scattering_only,1,0
12,28.0,0.00710182713462,0.00703789519933,0.0196947129473,0.209899384328,0.20800983202,97,162,255,0,solar_scattering_only,1,0
12,29.0,0.00682104999938,0.0067353876151,0.0191194308485,0.208748851071,0.206127271651,95,161,255,0,solar_scattering_only,1,0
12,30.0,0.00654941249978,0.00644358733587,0.0185610022848,0.207562022554,0.204208243103,93,159,255,0,solar_scattering_only,1,0
12,31.0,0.00628664302296,0.00616204992575,0.0180194084931,0.206335239988,0.202245943598,91,158,255,0,solar_scattering_only,1,0
12,32.0,0.00603315765237,0.00589226715692,0.0174810747559,0.205164087585,0.200372953056,89,157,255,0,solar_scattering_only,1,0
12,33.0,0.00575827463109,0.00560007649444,0.0168976123045,0.203789711341,0.198190959169,87,156,255,0,solar_scattering_only,1,0
12,34.0,0.0055266075318,0.00535875085667,0.0163394126239,0.202999229242,0.196833642943,86,155,255,0,solar_scattering_only,1,0
12,35.0,0.00530426522478,0.0051276033448,0.0157989701155,0.202214854373,0.195479961825,84,154,255,0,solar_scattering_only,1,0
12,36.0,0.00510084186317,0.00491704957469,0.015296828933,0.201497065282,0.194236772228,83,153,255,0,solar_scattering_only,1,0
12,37.0,0.00491226767406,0.00472243539997,0.0148269465302,0.20081506168,0.193054658062,82,152,255,0,solar_scattering_only,1,0
12,38.0,0.00473745683243,0.00454253280258,0.014387416995,0.200167973893,0.191932004786,81,151,255,0,solar_scattering_only,1,0
12,39.0,0.00457521723918,0.00437602429591,0.0139759394848,0.199554286033,0.190866216484,80,151,255,0,solar_scattering_only,1,0
12,40.0,0.00442444271915,0.00422169535062,0.013590322053,0.19897243962,0.189854649855,79,150,255,0,solar_scattering_only,1,0
12,41.0,0.004284138894,0.00407845833652,0.0132285620558,0.198420975789,0.188894828778,78,149,255,0,solar_scattering_only,1,0
12,42.0,0.00415341944508,0.00394534668877,0.0128888507714,0.197898573422,0.187984500889,77,149,255,0,solar_scattering_only,1,0
12,43.0,0.00403149586342,0.00382150275676,0.0125695598824,0.197404055075,0.187121645717,76,148,255,0,solar_scattering_only,1,0
12,44.0,0.00391766629568,0.00370616500719,0.0122692238563,0.196936381282,0.18630446543,75,148,255,0,solar_scattering_only,1,0
12,45.0,0.00381130504309,0.00359865612619,0.011986522309,0.196494640245,0.185531368623,74,147,255,0,solar_scattering_only,1,0
12,46.0,0.00371185310595,0.00349837238167,0.0117202635806,0.196078035415,0.184800950945,74,147,255,0,solar_scattering_only,1,0
12,47.0,0.0036188097935,0.00340477423244,0.0114693698062,0.195685871838,0.184111973855,73,146,255,0,solar_scattering_only,1,0
12,48.0,0.00353172529925,0.00331737805459,0.0112328634394,0.195317541484,0.183463341821,72,146,255,0,solar_scattering_only,1,0
12,49.0,0.00345019411353,0.00323574883095,0.0110098550815,0.194972507511,0.182854077912,72,145,255,0,solar_scattering_only,1,0
12,50.0,0.00337384915036,0.00315949365983,0.0107995324487,0.194650287386,0.182283297643,71,145,255,0,solar_scattering_only,1,0
12,51.0,0.00330235648571,0.00308825596246,0.0106011503355,0.19435043484,0.18175018106,71,145,255,0,solar_scattering_only,1,0
12,52.0,0.0032354106298,0.00302171029831,0.0104140214675,0.194072520827,0.181253943287,70,144,255,0,solar_scattering_only,1,0
12,53.0,0.00317273028399,0.00295955772773,0.0102375081879,0.193816113854,0.180793804128,70,144,255,0,solar_scattering_only,1,0
12,54.0,0.00311405456036,0.00290152169204,0.0100710149705,0.19358076035,0.180368957714,69,144,255,0,solar_scattering_only,1,0
12,55.0,0.0026296332494,0.00240150346896,0.00895996674238,0.187950382669,0.17164503684,56,138,255,0,solar_scattering_only,1,0
12,56.0,0.00259119134355,0.00236487104279,0.00883545752257,0.18788294261,0.171472836816,56,138,255,0,solar_scattering_only,1,0
12,57.0,0.0025090003802,0.00228817377059,0.00856617342745,0.18775238506,0.171227587788,56,138,255,0,solar_scattering_only,1,0
12,58.0,0.00247580591516,0.00225654081105,0.00845861027465,0.187689635786,0.171067255462,56,138,255,0,solar_scattering_only,1,0
12,59.0,0.00244331749047,0.00222560445062,0.00835342227592,0.187625012037,0.170906590513,56,138,255,0,solar_scattering_only,1,0
12,60.0,0.00241144719614,0.00219527536964,0.00825035692501,0.187557928523,0.170744481374,55,138,255,0,solar_scattering_only,1,0
15,0.0,0.000532766626535,0.00053491259784,0.000694929034933,0.302260371084,0.303477868673,238,230,255,0,solar_scattering_only,1,1
15,1.0,0.00110022065947,0.000956781325804,0.000622672195435,0.410580012821,0.357051365681,255,174,147,0,solar_scattering_only,1,1
15,2.0,0.00180470858067,0.00172742814942,0.000976804347889,0.400251089881,0.383111715044,255,198,146,0,solar_scattering_only,1,1
15,3.0,0.00179269214365,0.00187198371448,0.00141959648171,0.352595617194,0.368191078163,255,234,195,0,solar_scattering_only,1,1
15,4.0,0.00146251348131,0.00160360422853,0.00168598882772,0.307761088635,0.337451236806,239,255,246,0,solar_scattering_only,1,1
15,5.0,0.00117862774978,0.00131418338575,0.00178500247689,0.275521062059,0.307209127095,194,235,255,0,solar_scattering_only,1,0
15,6.0,0.0010302260214,0.00114692585629,0.00185733509552,0.255354900943,0.284280470828,162,216,255,0,solar_scattering_only,1,0
15,7.0,0.0009495844646,0.0010495051486,0.00196924609853,0.239290355852,0.264469849539,137,202,255,0,solar_scattering_only,1,0
15,8.0,0.000896833884552,0.000979271523882,0.00199808200222,0.231489545933,0.25276823759,125,193,255,0,solar_scattering_only,1,0
15,9.0,0.000843938587412,0.000909031979206,0.00200623692851,0.224499070218,0.241814792183,115,186,255,0,solar_scattering_only,1,0
15,10.0,0.000804840189328,0.000855891657528,0.00199753237399,0.220006030385,0.233961137266,108,180,255,0,solar_scattering_only,1,0
15,11.0,0.000766843014465,0.000805699165688,0.00197185704443,0.216353453964,0.227316144327,102,176,255,0,solar_scattering_only,1,0
15,12.0,0.000730625450374,0.000759060316479,0.00193519043388,0.213329010321,0.221631461107,98,172,255,0,solar_scattering_only,1,0
15,13.0,0.000696187338859,0.000715799941686,0.0018907146172,0.210793271816,0.216731622728,94,169,255,0,solar_scattering_only,1,0
15,14.0,0.000663731939484,0.000675916008325,0.00184167534935,0.208633916608,0.212463791067,91,166,255,0,solar_scattering_only,1,0
15,15.0,0.000633116755964,0.000639067692155,0.0017897020923,0.206773421421,0.208716973578,88,163,255,0,solar_scattering_only,1,0
15,16.0,0.000604333241073,0.000605060817971,0.00173644047326,0.205148400036,0.205395385021,86,161,255,0,solar_scattering_only,1,0
15,17.0,0.000577256610495,0.000573610232194,0.0016828247707,0.203711867504,0.202425073174,84,159,255,0,solar_scattering_only,1,0
15,18.0,0.000551790284436,0.000544481007484,0.00162961440398,0.202426053765,0.199744621832,82,157,255,0,solar_scattering_only,1,0
15,19.0,0.000527833909658,0.000517455504282,0.00157734427622,0.201261011646,0.197303766143,80,155,255,0,solar_scattering_only,1,0
15,20.0,0.000505270329604,0.000492319338024,0.00152632784274,0.200192885674,0.195061580263,79,154,255,0,solar_scattering_only,1,0
15,21.0,0.000483996451028,0.000468887337098,0.00147679349064,0.199201949681,0.192983381454,77,152,255,0,solar_scattering_only,1,0
15,22.0,0.000463911096981,0.000446989940081,0.0014288730228,0.198271749798,0.191039787879,76,151,255,0,solar_scattering_only,1,0
15,23.0,0.000444916199724,0.000426472051884,0.00138262639738,0.197388335486,0.189205536919,74,150,255,0,solar_scattering_only,1,0
15,24.0,0.000426920898732,0.000407194948257,0.00133807213233,0.196539573369,0.187458429995,73,149,255,0,solar_scattering_only,1,0
15,25.0,0.000409839670993,0.00038903308016,0.00129519337066,0.195714770763,0.185778794713,72,148,255,0,solar_scattering_only,1,0
15,26.0,0.000393593268143,0.000371873711182,0.00125394991174,0.194904415173,0.184149054525,70,147,255,0,solar_scattering_only,1,0
15,27.0,0.00037811162095,0.00035561906074,0.0012142904046,0.194100373764,0.182554009934,69,145,255,0,solar_scattering_only,1,0
15,28.0,0.00036335097036,0.000340204163301,0.00117618684594,0.193298321952,0.180984500529,68,144,255,0,solar_scattering_only,1,0
15,29.0,0.000349150168262,0.000325501564268,0.0011387370233,0.1925401639,0.179499052931,66,143,255,0,solar_scattering_only,1,0
15,30.0,0.000333795456762,0.000309661878966,0.00109844652913,0.191626796115,0.177772083301,64,142,255,0,solar_scattering_only,1,0
15,31.0,0.000319369010321,0.000295118739732,0.00105755747554,0.191005007181,0.176501649127,63,141,255,0,solar_scattering_only,1,0
15,32.0,0.000305452362023,0.000281125375167,0.00101793843794,0.190370385015,0.175208813426,62,140,255,0,solar_scattering_only,1,0
15,33.0,0.00029272267229,0.0002684148222,0.000981074888484,0.189806978288,0.174045303464,61,140,255,0,solar_scattering_only,1,0
15,34.0,0.000280941748476,0.000256702817377,0.000946665656655,0.189274279875,0.172944182075,60,139,255,0,solar_scattering_only,1,0
15,35.0,0.000270039030727,0.000245909040259,0.000914560918591,0.188771292382,0.171903177156,59,138,255,0,solar_scattering_only,1,0
15,36.0,0.000259936115098,0.000235947195678,0.00088457952778,0.188296350933,0.170918904217,58,138,255,0,solar_scattering_only,1,0
15,37.0,0.000250560308467,0.000226738107384,0.000856549003914,0.187847803845,0.16998803913,58,137,255,0,solar_scattering_only,1,0
15,38.0,0.000241846353119,0.000218211163216,0.000830311785755,0.187424137204,0.169107528258,57,136,255,0,solar_scattering_only,1,0
15,39.0,0.000233736146606,0.000210303826877,0.000805725559273,0.187023998086,0.168274625412,56,136,255,0,solar_scattering_only,1,0
15,40.0,0.000226178041675,0.000202960773486,0.00078266218985,0.186646190868,0.167486883281,55,135,255,0,solar_scattering_only,1,0
15,41.0,0.000219126096767,0.00019613300772,0.000761006343358,0.186289665456,0.166742131276,55,135,255,0,solar_scattering_only,1,0
15,42.0,0.000212539376432,0.000189777056794,0.000740654109365,0.185953503185,0.166038449568,54,134,255,0,solar_scattering_only,1,0
15,43.0,0.000206381325436,0.00018385425689,0.000721511720698,0.185636902266,0.165374142478,53,134,255,0,solar_scattering_only,1,0
15,44.0,0.000200619216742,0.000178330129312,0.000703494391968,0.185339163316,0.164747712096,53,133,255,0,solar_scattering_only,1,0
15,45.0,0.00019522366627,0.000173173836202,0.000686525274761,0.185059674967,0.164157832155,52,133,255,0,solar_scattering_only,1,0
15,46.0,0.000190168205698,0.000168357704655,0.000670534518929,0.18479789941,0.163603321889,52,133,255,0,solar_scattering_only,1,0
15,47.0,0.000185428904997,0.000163856809013,0.00065545842775,0.184553357705,0.163083119575,51,132,255,0,solar_scattering_only,1,0
15,48.0,0.000180984037635,0.000159648602718,0.000641238695879,0.184325614729,0.162596255565,51,132,255,0,solar_scattering_only,1,0
15,49.0,0.000176813782898,0.000155712592934,0.000627821721349,0.184114263793,0.162141824814,50,131,255,0,solar_scattering_only,1,0
15,50.0,0.000172899961366,0.000152030052987,0.000615157985917,0.183918911119,0.161718959229,50,131,255,0,solar_scattering_only,1,0
15,51.0,0.000169225801125,0.000148583769363,0.000603201501002,0.183739160542,0.161326800472,49,131,255,0,solar_scattering_only,1,0
15,52.0,0.000146022743668,0.000125558180488,0.000539682752052,0.17999418432,0.154768645719,39,127,255,0,solar_scattering_only,1,0
15,53.0,0.000143330162934,0.000123123417652,0.000530177123681,0.179920460216,0.154555199784,39,126,255,0,solar_scattering_only,1,0
15,54.0,0.000136664672763,0.000117158480335,0.000506835100482,0.179666324687,0.154022492733,38,126,255,0,solar_scattering_only,1,0
15,55.0,0.000134437899311,0.000115151154179,0.000498920298579,0.179607507828,0.153840635204,38,126,255,0,solar_scattering_only,1,0
15,56.0,0.000132266459552,0.000113196169683,0.000491200315306,0.179548137356,0.153660735242,38,126,255,0,solar_scattering_only,1,0
15,57.0,0.000130144622342,0.000111287935724,0.00048365660205,0.179487750611,0.153481725897,38,126,255,0,solar_scattering_only,1,0
15,58.0,0.00012806687613,0.000109421096569,0.000476271268424,0.179425874653,0.153302528731,38,125,255,0,solar_scattering_only,1,0
15,59.0,0.000126027902773,0.00010759050325,0.000469027009767,0.179362022353,0.153122045391,38,125,255,0,solar_scattering_only,1,0
15,60.0,0.000124022541251,0.000105791175967,0.000461907000568,0.179295686918,0.152939146171,38,125,255,0,solar_scattering_only,1,0
18,0.0,1.06727025977e-05,1.08977619527e-05,2.17999126701e-05,0.246082770815,0.251272012168,154,190,255,0,solar_scattering_only,1,1
18,1.0,1.66385429182e-05,1.55799021232e-05,1.78158341037e-05,0.332542872656,0.311384562532,255,212,229,0,solar_scattering_only,1,1
18,2.0,2.18217647742e-05,2.37107639073e-05,2.59380970128e-05,0.30532494381,0.331755370503,240,255,252,0,solar_scattering_only,1,1
18,3.0,2.67605445946e-05,3.09942569323e-05,4.01274794623e-05,0.273395187813,0.316648290365,189,244,255,0,solar_scattering_only,1,1
18,4.0,2.90909201935e-05,3.38810982371e-05,5.50004032628e-05,0.246590853828,0.287195072804,144,220,255,0,solar_scattering_only,1,1
18,5.0,2.8737194686e-05,3.29740144142e-05,6.36994558906e-05,0.229144743695,0.262928311692,115,202,255,0,solar_scattering_only,1,0
18,6.0,2.76804381164e-05,3.09998414265e-05,6.88041181295e-05,0.217128045642,0.243165767674,95,188,255,0,solar_scattering_only,1,0
18,7.0,2.6233268897e-05,2.86402984336e-05,7.05775699868e-05,0.209111447357,0.228298435918,81,178,255,0,solar_scattering_only,1,0
18,8.0,2.46528806929e-05,2.62591089316e-05,7.03838538945e-05,0.20324588195,0.216488118387,71,170,255,0,solar_scattering_only,1,0
18,9.0,2.31095905134e-05,2.40568443143e-05,6.90936571417e-05,0.198774920284,0.206922632752,63,164,255,0,solar_scattering_only,1,0
18,10.0,2.16752600696e-05,2.2094804358e-05,6.72352591084e-05,0.195263248457,0.199042745466,57,158,255,0,solar_scattering_only,1,0
18,11.0,2.03642982577e-05,2.03657366206e-05,6.50907696224e-05,0.192441347935,0.192454940375,52,154,255,0,solar_scattering_only,1,0
18,12.0,1.91850298939e-05,1.88568265708e-05,6.28613291102e-05,0.190133044706,0.186880388992,47,150,255,0,solar_scattering_only,1,0
18,13.0,1.81061551289e-05,1.75190839743e-05,6.05720192824e-05,0.188219034854,0.182116250175,44,147,255,0,solar_scattering_only,1,0
18,14.0,1.71284075155e-05,1.63387237864e-05,5.83181030721e-05,0.1866139759,0.178010372778,41,144,255,0,solar_scattering_only,1,0
18,15.0,1.62287622921e-05,1.5281421229e-05,5.60943045964e-05,0.18525035236,0.174436510701,38,141,255,0,solar_scattering_only,1,0
18,16.0,1.54029391345e-05,1.43335617345e-05,5.39390561576e-05,0.184079313982,0.171299268793,36,139,255,0,solar_scattering_only,1,0
18,17.0,1.46390421467e-05,1.34760947105e-05,5.18532551326e-05,0.183060354003,0.168517765272,35,137,255,0,solar_scattering_only,1,0
18,18.0,1.39306272795e-05,1.26968025613e-05,4.98459988537e-05,0.182162975,0.166028943361,33,135,255,0,solar_scattering_only,1,0
18,19.0,1.32725491373e-05,1.19859257354e-05,4.79235486289e-05,0.181363516644,0.163782376626,32,134,255,0,solar_scattering_only,1,0
18,20.0,1.26586549743e-05,1.1333767496e-05,4.60833034841e-05,0.180642509255,0.161735998331,30,132,255,0,solar_scattering_only,1,0
18,21.0,1.20848429232e-05,1.07333230239e-05,4.43254516548e-05,0.179984983753,0.159856191954,29,131,255,0,solar_scattering_only,1,0
18,22.0,1.15474116986e-05,1.01785662165e-05,4.26484771479e-05,0.179378787553,0.158114988415,28,130,255,0,solar_scattering_only,1,0
18,23.0,1.10428809651e-05,9.66416645285e-06,4.1049289828e-05,0.178813729207,0.15648865985,27,128,255,0,solar_scattering_only,1,0
18,24.0,1.05684793522e-05,9.18584077733e-06,3.95253577504e-05,0.178281659587,0.154957670248,26,127,255,0,solar_scattering_only,1,0
18,25.0,1.0121942353e-05,8.74013978539e-06,3.80741937004e-05,0.177776684616,0.153507402032,25,126,255,0,solar_scattering_only,1,0
18,26.0,9.69784902317e-06,8.32225996194e-06,3.66747562038e-05,0.177308216954,0.152157975583,24,125,255,0,solar_scattering_only,1,0
18,27.0,9.25283028495e-06,7.8859888197e-06,3.52025351933e-05,0.17677857994,0.150664592567,23,124,255,0,solar_scattering_only,1,0
18,28.0,8.80578728638e-06,7.4595122512e-06,3.3671101105e-05,0.176340048002,0.149380254788,22,123,255,0,solar_scattering_only,1,0
18,29.0,8.37408219587e-06,7.04995675385e-06,3.21867774698e-05,0.175886128944,0.148074687309,21,122,255,0,solar_scattering_only,1,0
18,30.0,7.97788857282e-06,6.67781715344e-06,3.08069833223e-05,0.175482109391,0.146885661477,20,121,255,0,solar_scattering_only,1,0
18,31.0,7.61219197218e-06,6.33671798592e-06,2.95241077208e-05,0.175101531447,0.14576209162,20,120,255,0,solar_scattering_only,1,0
18,32.0,7.2746048862e-06,6.0239258293e-06,2.83317214446e-05,0.174743233796,0.144700680797,19,120,255,0,solar_scattering_only,1,0
18,33.0,6.96253411196e-06,5.73660579332e-06,2.7222372678e-05,0.174405568863,0.143697105198,18,119,255,0,solar_scattering_only,1,0
18,34.0,6.67358436734e-06,5.47218351495e-06,2.61890052766e-05,0.174086966412,0.142747251751,17,118,255,0,solar_scattering_only,1,0
18,35.0,6.405607447e-06,5.22837690006e-06,2.52251805163e-05,0.173786016877,0.141847405373,17,117,255,0,solar_scattering_only,1,0
18,36.0,6.15669098668e-06,5.00317411034e-06,2.43250836232e-05,0.173501476223,0.140994260687,16,117,255,0,solar_scattering_only,1,0
18,37.0,5.92513495398e-06,4.79480233016e-06,2.34834794653e-05,0.173232253298,0.140184893377,16,116,255,0,solar_scattering_only,1,0
18,38.0,5.70942697625e-06,4.60169725425e-06,2.26956569372e-05,0.172977393562,0.139416722608,15,115,255,0,solar_scattering_only,1,0
18,39.0,5.50821944677e-06,4.42247567905e-06,2.19573735902e-05,0.172736063003,0.138687473313,15,115,255,0,solar_scattering_only,1,0
18,40.0,5.32030909485e-06,4.25591154524e-06,2.12648040742e-05,0.172507533201,0.137995140715,14,114,255,0,solar_scattering_only,1,0
18,41.0,5.14461900681e-06,4.1009151878e-06,2.06144933202e-05,0.172291167658,0.137337957434,14,114,255,0,solar_scattering_only,1,0
18,42.0,4.98018287015e-06,3.95651539762e-06,2.00033144447e-05,0.172086409209,0.136714362807,13,113,255,0,solar_scattering_only,1,0
18,43.0,4.82613116414e-06,3.82184389134e-06,1.94284310272e-05,0.171892768253,0.136122973862,13,113,255,0,solar_scattering_only,1,0
18,44.0,4.68167903193e-06,3.69612182726e-06,1.88872633192e-05,0.171709811549,0.135562557384,12,112,255,0,solar_scattering_only,1,0
18,45.0,4.54611560317e-06,3.57864806073e-06,1.83774579612e-05,0.171537151394,0.135032002651,12,112,255,0,solar_scattering_only,1,0
18,46.0,4.41879457794e-06,3.46878888955e-06,1.78968608492e-05,0.171374435054,0.134530294582,11,112,255,0,solar_scattering_only,1,0
18,47.0,4.299125925e-06,3.36596909451e-06,1.74434928723e-05,0.171221334451,0.134056487327,11,111,255,0,solar_scattering_only,1,0
18,48.0,4.18656858754e-06,3.26966412887e-06,1.70155283363e-05,0.171077536207,0.133609678593,11,111,255,0,solar_scattering_only,1,0
18,49.0,3.70417026725e-06,2.82193858364e-06,1.53430860732e-05,0.16937844672,0.129037149901,3,107,255,0,solar_scattering_only,1,0
18,50.0,3.61110693592e-06,2.74513211262e-06,1.49778301e-05,0.169264799452,0.128673629654,3,107,255,0,solar_scattering_only,1,0
18,51.0,3.36812111275e-06,2.54339518039e-06,1.4040674553e-05,0.168809587815,0.127474481374,1,106,255,0,solar_scattering_only,1,0
18,52.0,3.29560336739e-06,2.48421460821e-06,1.37521937852e-05,0.168728311644,0.12718682738,1,106,255,0,solar_scattering_only,1,0
18,53.0,3.2252615979e-06,2.42692474651e-06,1.34720945223e-05,0.16864747074,0.126902797728,1,105,255,0,solar_scattering_only,1,0
18,54.0,3.15690692104e-06,2.37135456868e-06,1.31996765632e-05,0.168566710981,0.126621230911,1,105,255,0,solar_scattering_only,1,0
18,55.0,3.09036055653e-06,2.31734308708e-06,1.29342745395e-05,0.168485673992,0.126340957553,1,105,255,0,solar_scattering_only,1,0
18,56.0,3.0254528795e-06,2.26473835169e-06,1.26752548526e-05,0.168403994278,0.126060791428,1,105,255,0,solar_scattering_only,1,0
18,57.0,2.96202226532e-06,2.21339629907e-06,1.24220117382e-05,0.168321295462,0.125779517862,1,105,255,0,solar_scattering_only,1,0
18,58.0,2.89991371107e-06,2.16317943559e-06,1.21739624048e-05,0.168237185429,0.125495878871,1,104,255,0,solar_scattering_only,1,0
18,59.0,2.8389772349e-06,2.1139553538e-06,1.19305412595e-05,0.168151250176,0.125208554401,0,104,255,0,solar_scattering_only,1,0
18,60.0,2.77906606539e-06,2.0655950899e-06,1.16911932716e-05,0.168063046133,0.12491613899,0,104,255,0,solar_scattering_only,1,0
