solar_depression_deg,relative_azimuth_deg,h_min_deg,h_max_deg,X,Y_cd_m2,Z,CIE_x,CIE_y
-5.0,0.0,0,5,15918.6108802,16107.206169,7744.4162037,0.40026445857,0.405006580338
-5.0,90.0,0,5,1721.80219137,1776.97543072,1491.18947769,0.345052814366,0.356109648658
-5.0,180.0,0,5,1842.82214594,1920.18668787,1566.43121153,0.34578156997,0.360298018466
-2.0,0.0,0,5,6269.99838297,5809.68996475,1934.41298628,0.447406382581,0.414560293685
-2.0,90.0,0,5,833.643423773,836.310020538,699.98137176,0.351757954742,0.352883132003
-2.0,180.0,0,5,887.189802481,891.536778036,695.947859923,0.358507684075,0.360264268894
0.0,0.0,0,5,2383.69221341,2047.32333008,644.620557693,0.469634182965,0.403362906494
0.0,90.0,0,5,410.717853316,401.666596471,329.309761237,0.35974418487,0.351816267958
0.0,180.0,0,5,440.45870777,424.624340159,307.317210233,0.375689705545,0.362183765487
2.0,0.0,0,5,493.548469286,447.004851689,212.457089681,0.428052049422,0.387685009223
2.0,90.0,0,5,121.416907654,118.841860474,109.927404666,0.346721021807,0.33936765557
2.0,180.0,0,5,75.4800825633,72.1454778586,80.4958485921,0.330876803232,0.31625912785
4.0,0.0,0,5,91.9767223647,86.5248913606,55.8375367557,0.392494050507,0.369229346368
4.0,90.0,0,5,22.9518856286,22.6435469131,26.7375600846,0.317308669187,0.31304590189
4.0,180.0,0,5,10.5577254692,10.896248278,18.3792768069,0.265048052125,0.273546550342
6.0,0.0,0,5,17.9415107826,16.8805352756,11.6519109602,0.386055157203,0.36322569367
6.0,90.0,0,5,2.91908691896,2.98888393943,4.5713096486,0.278557952238,0.285218430543
6.0,180.0,0,5,1.47132416752,1.52321562832,3.0748055922,0.242418922215,0.250968684584
9.0,0.0,0,5,1.13912653356,1.06817884092,0.668314733854,0.396132482959,0.371460346179
9.0,90.0,0,5,0.0606739060942,0.0637021060295,0.128611808426,0.239829356063,0.251799101993
9.0,180.0,0,5,0.042288417379,0.0441364464699,0.101304070095,0.225263183946,0.235107319595
12.0,0.0,0,5,0.0673274146928,0.0625460779118,0.039369865902,0.397814220226,0.369562968164
12.0,90.0,0,5,0.00396503986624,0.00411098882797,0.00968484358369,0.223245784565,0.231463227912
12.0,180.0,0,5,0.00287934046032,0.00293639743697,0.00755767867157,0.215303280616,0.219569727889
15.0,0.0,0,5,0.00218429814066,0.00190864862319,0.00130684213184,0.40451546956,0.353467266973
15.0,90.0,0,5,0.000152235940976,0.000153834278348,0.000415639564742,0.210937892678,0.213152546556
15.0,180.0,0,5,8.73477861989e-05,8.38378103926e-05,0.000266841668651,0.199411756139,0.19139861156
18.0,0.0,0,5,1.52226602747e-05,1.17643317903e-05,1.02808052922e-05,0.408466862926,0.315670166324
18.0,90.0,0,5,5.02705650208e-07,4.61433783692e-07,1.73549036852e-06,0.186212809533,0.170924836909
18.0,180.0,0,5,2.77636890563e-07,2.35390317894e-07,1.05025524181e-06,0.177598674198,0.150574400586
-5.0,0.0,5,15,11225.020932,12007.9933204,8517.66191814,0.353536437199,0.378196459689
-5.0,90.0,5,15,1727.26479693,1866.03666029,2159.30746878,0.30025764295,0.324380934685
-5.0,180.0,5,15,2176.68756561,2381.33890342,2713.46183248,0.29934553634,0.327489889921
-2.0,0.0,5,15,4943.10469793,5021.17953794,2858.14208997,0.385504628556,0.391593557283
-2.0,90.0,5,15,949.024093957,1015.07495283,1122.86160213,0.30742992927,0.328826657764
-2.0,180.0,5,15,1232.49147018,1333.45943565,1373.13665423,0.312887553624,0.338519876829
0.0,0.0,5,15,2265.41047664,2196.13911538,1193.18117212,0.40062216419,0.388372003369
0.0,90.0,5,15,535.286915677,565.063826731,578.877179804,0.318769661102,0.336502162248
0.0,180.0,5,15,733.516405189,780.33429612,715.952706426,0.328960123859,0.349956544785
2.0,0.0,5,15,602.68177312,608.044766411,443.388188096,0.364353066359,0.367595279974
2.0,90.0,5,15,192.057624291,199.72412583,197.203478941,0.326082242499,0.33909870057
2.0,180.0,5,15,202.154733159,202.735265802,165.380726009,0.354489059858,0.355507054676
4.0,0.0,5,15,112.498503707,115.784868638,108.513848172,0.334024442169,0.343782138286
4.0,90.0,5,15,33.7032027851,33.9918282981,40.3533267702,0.311927024665,0.314598287039
4.0,180.0,5,15,17.849112354,17.392946162,23.8199832112,0.302209538174,0.294486029493
6.0,0.0,5,15,18.4940363296,19.1233544156,20.6233393965,0.317544719729,0.328350183266
6.0,90.0,5,15,3.41484021055,3.48672107327,5.9467948338,0.265780320789,0.271374877949
6.0,180.0,5,15,1.56166023617,1.60104737596,3.77376616124,0.22513748155,0.230815747059
9.0,0.0,5,15,0.860818791162,0.909642127961,1.08096821968,0.301890297552,0.31901270685
9.0,90.0,5,15,0.0650618791777,0.0665113153369,0.169175583212,0.216332979537,0.221152404474
9.0,180.0,5,15,0.0548118115579,0.056511068161,0.154180575697,0.206444814332,0.21284494423
12.0,0.0,5,15,0.0303349419539,0.0316834470468,0.0421288475014,0.291269773186,0.304217837274
12.0,90.0,5,15,0.00443055139314,0.00445331470664,0.0130930858947,0.201599903128,0.202635684319
12.0,180.0,5,15,0.0038977459812,0.00394627764419,0.0114617572871,0.201895276801,0.20440911777
15.0,0.0,5,15,0.000587082124025,0.000598703723794,0.00123411365732,0.24260599367,0.247408507057
15.0,90.0,5,15,0.000170618885983,0.000165550281421,0.000540916933841,0.194529232353,0.188750319023
15.0,180.0,5,15,0.00011173410913,0.000106489553713,0.000359636849389,0.193358270318,0.184282454777
18.0,0.0,5,15,3.90433700816e-06,3.88559249915e-06,1.14124403235e-05,0.203325789606,0.202349633581
18.0,90.0,5,15,4.92287890335e-07,4.07736411834e-07,1.94121857692e-06,0.173264979899,0.14350635591
18.0,180.0,5,15,3.53173486538e-07,2.78593899759e-07,1.45206226435e-06,0.169482897236,0.133693221839
-5.0,0.0,15,35,4847.70051888,5205.74514913,4840.28779272,0.325485918737,0.34952587025
-5.0,90.0,15,35,1131.54698202,1210.95476561,1835.59488229,0.270828341766,0.289834073472
-5.0,180.0,15,35,1426.76996019,1545.47286907,2364.87579939,0.267329632235,0.289570642251
-2.0,0.0,15,35,2209.74891241,2290.31071481,1987.1693049,0.340630635288,0.353049158397
-2.0,90.0,15,35,654.372393448,698.840321102,1026.63500985,0.274963976367,0.293649175087
-2.0,180.0,15,35,865.410709524,937.993606732,1337.84909862,0.275498533619,0.298604882462
0.0,0.0,15,35,1086.32314245,1095.28707948,969.261530837,0.344769075889,0.347613982867
0.0,90.0,15,35,380.609784672,405.412435298,561.446786221,0.282462737861,0.300869580996
0.0,180.0,15,35,539.363058356,582.236664918,767.556384101,0.28550475858,0.308199339718
2.0,0.0,15,35,321.480295526,334.453586884,367.66283733,0.314069290499,0.326743511809
2.0,90.0,15,35,145.634253235,154.079930047,200.47248066,0.291159808395,0.308044858359
2.0,180.0,15,35,191.48499377,202.048784586,229.600081517,0.307293514445,0.324246197482
4.0,0.0,15,35,59.0511779931,61.2901650277,80.7499807005,0.293653534624,0.304787714823
4.0,90.0,15,35,26.370276636,26.9068779147,39.1281810111,0.285376125477,0.2911831633
4.0,180.0,15,35,25.5582408706,25.5452408946,32.9199674957,0.304179858069,0.30402513964
6.0,0.0,15,35,7.62155610375,7.88114380148,12.4407325989,0.272749459202,0.282039216202
6.0,90.0,15,35,2.5976766743,2.60522746894,5.19856964903,0.249741212272,0.250467147346
6.0,180.0,15,35,1.67534385484,1.64527707628,3.72960780161,0.237629716475,0.233365063553
9.0,0.0,15,35,0.212536795692,0.219765124677,0.428209514707,0.246988926618,0.255388964886
9.0,90.0,15,35,0.0460104461782,0.0438010809163,0.137386250816,0.20251274727,0.192788333227
9.0,180.0,15,35,0.0418475201157,0.0396906599965,0.137195356422,0.191317347942,0.181456673839
12.0,0.0,15,35,0.0074789676936,0.00756080007164,0.0199040473588,0.214028367168,0.216370194405
12.0,90.0,15,35,0.00317296643985,0.00292655540993,0.010766239617,0.188130636503,0.173520502807
12.0,180.0,15,35,0.0032132255426,0.00299644750065,0.010860542636,0.188235790513,0.175536592915
15.0,0.0,15,35,0.000279346824252,0.000271987884944,0.000839198577635,0.20089186422,0.195599693671
15.0,90.0,15,35,0.000122899302627,0.000109104568969,0.000437817374345,0.183480747098,0.162886097791
15.0,180.0,15,35,0.000105433042367,9.43921099554e-05,0.000371873356101,0.184420705693,0.165108197003
18.0,0.0,15,35,1.68050226145e-06,1.47446369807e-06,6.02729835406e-06,0.183016106274,0.160577353005
18.0,90.0,15,35,3.35863858994e-07,2.46633117207e-07,1.42425805725e-06,0.167366645851,0.122901456877
18.0,180.0,15,35,2.86941981614e-07,2.0224708869e-07,1.25166265978e-06,0.164828501277,0.116177090326
-5.0,0.0,35,60,1676.14375727,1774.7708981,2147.3857255,0.299402254835,0.317019591189
-5.0,90.0,35,60,739.890194928,781.816654632,1321.28382881,0.260250658068,0.274997966254
-5.0,180.0,35,60,824.235026396,878.465630813,1529.59349129,0.255000005732,0.271777749937
-2.0,0.0,35,60,835.907115629,868.372580715,1070.09287865,0.30129591215,0.31299782464
-2.0,90.0,35,60,434.354465914,459.057759991,756.575999646,0.263247009395,0.278218809614
-2.0,180.0,35,60,511.559535574,547.050846972,902.412972171,0.260863561029,0.278961923455
0.0,0.0,35,60,447.785712079,460.37961824,576.476885547,0.301611868027,0.310094656692
0.0,90.0,35,60,257.252472513,272.003199474,424.763322808,0.26965131084,0.285112980935
0.0,180.0,35,60,320.41516468,342.662934012,527.203950767,0.26919263785,0.287883812217
2.0,0.0,35,60,154.756093131,162.200998837,218.815841511,0.28884641881,0.302742054892
2.0,90.0,35,60,100.383137089,105.864888726,154.933222735,0.27793009048,0.293107377946
2.0,180.0,35,60,125.039259181,132.370951069,180.547301129,0.285505456425,0.302246102943
4.0,0.0,35,60,28.7104448412,29.4985306925,44.6877857016,0.279021851577,0.286680847272
4.0,90.0,35,60,18.4419293146,18.7626328976,30.0641854807,0.274153004881,0.278920502329
4.0,180.0,35,60,20.3172103605,20.57489139,30.1511346467,0.285983738788,0.289610840291
6.0,0.0,35,60,3.23440754209,3.27855931452,6.17835135272,0.25485197745,0.258330873156
6.0,90.0,35,60,1.82396325589,1.80615491598,3.88153693573,0.242817758505,0.24044699738
6.0,180.0,35,60,1.56796860177,1.53742367774,3.31419443624,0.24424759275,0.239489510121
9.0,0.0,35,60,0.0723165707241,0.0714811738357,0.18248436008,0.221638176583,0.219077825045
9.0,90.0,35,60,0.0317162676631,0.0291278544469,0.0991104301553,0.19828299485,0.182100815728
9.0,180.0,35,60,0.0278942711421,0.0250858497802,0.0951549531612,0.188302947933,0.169344430651
12.0,0.0,35,60,0.00394432254355,0.00380077493351,0.0119504336346,0.20026484796,0.192976513909
12.0,90.0,35,60,0.00220543483749,0.00194737230205,0.00781798540628,0.184234655228,0.162676973525
12.0,180.0,35,60,0.00213576873905,0.0018788823881,0.00767603462199,0.18268977414,0.160716182816
15.0,0.0,35,60,0.000149838755199,0.000138090950426,0.000489351932646,0.192772796656,0.177658835134
15.0,90.0,35,60,8.51660586057e-05,7.22505827201e-05,0.000315334038487,0.18015005,0.152830203753
15.0,180.0,35,60,7.65314294369e-05,6.47812920347e-05,0.000284716417794,0.17963895514,0.152058359544
18.0,0.0,35,60,6.37481128369e-07,5.1096446882e-07,2.48794105545e-06,0.175306200705,0.140514339543
18.0,90.0,35,60,2.2474614976e-07,1.54999540387e-07,9.7901262154e-07,0.16540553815,0.11407440091
18.0,180.0,35,60,1.90989121579e-07,1.26012918759e-07,8.5209438744e-07,0.163364729411,0.107786591222
