solar_depression_deg,relative_azimuth_deg,elevation_deg,X,Y_cd_m2,Z,CIE_x,CIE_y,preview_sRGB_R8,preview_sRGB_G8,preview_sRGB_B8,gamut_clipped,solar_Y_cd_m2,background_Y_cd_m2,near_horizon,night_background_important
-5.0,0.0,0.0,21544.4425175,21408.7564566,9397.00857132,0.411544548296,0.40895265674,255,205,126,0,21408.7564566,0.0,1,0
-5.0,0.0,0.5,21669.7772295,21812.6766032,9913.38642446,0.405832685189,0.408508911896,255,209,131,0,21812.6766032,0.0,1,0
-5.0,0.0,1.0,21127.8405891,21567.5803079,10316.4539335,0.398549205374,0.406844322652,255,215,138,0,21567.5803079,0.0,1,0
-5.0,0.0,2.0,19254.2325042,20125.7076423,10779.3383239,0.383861831577,0.401235987758,255,225,153,0,20125.7076423,0.0,1,0
-5.0,0.0,3.0,17262.730944,18337.0146448,10893.3786121,0.371296428035,0.394402719972,255,233,168,0,18337.0146448,0.0,1,0
-5.0,0.0,5.0,13967.3959241,15089.6813774,10518.8809308,0.352926285248,0.38128404343,255,244,192,0,15089.6813774,0.0,0,0
-5.0,0.0,8.0,10572.6867457,11513.8135853,9328.81983395,0.336545567265,0.366503143207,255,253,215,0,11513.8135853,0.0,0,0
-5.0,0.0,12.0,7713.22498992,8404.81103779,7648.93658228,0.324535443217,0.353634060834,250,255,230,0,8404.81103779,0.0,0,0
-5.0,0.0,20.0,4512.29745574,4885.74011982,5076.50993753,0.311740139141,0.337540093423,245,255,246,0,4885.74011982,0.0,0,0
-5.0,0.0,30.0,2545.05332601,2728.87601468,3225.49394217,0.29943835497,0.321066021054,233,247,255,0,2728.87601468,0.0,0,0
-5.0,0.0,45.0,1287.10176829,1365.48485664,1932.76194394,0.280698784173,0.297793032771,204,226,255,0,1365.48485664,0.0,0,0
-5.0,0.0,60.0,772.594470919,814.785279674,1317.00892971,0.266009324495,0.280535895626,182,212,255,0,814.785279674,0.0,0,0
-5.0,0.0,90.0,469.513825376,493.196456262,909.346666587,0.250801037768,0.263451630961,160,199,255,0,493.196456262,0.0,0,0
-5.0,90.0,0.0,1754.62342371,1787.80849284,1525.31494674,0.346233438853,0.352781727476,255,230,206,0,1787.80849284,0.0,1,0
-5.0,90.0,0.5,1917.66401484,1960.53374351,1617.30610555,0.348951445097,0.356752318271,255,230,202,0,1960.53374351,0.0,1,0
-5.0,90.0,1.0,2057.14290348,2122.5510297,1726.68870844,0.348291505698,0.359365648738,255,232,202,0,2122.5510297,0.0,1,0
-5.0,90.0,2.0,2223.15805825,2348.06962075,1965.57871382,0.340098501417,0.359207459981,255,242,212,0,2348.06962075,0.0,1,0
-5.0,90.0,3.0,2265.01895677,2436.97550939,2192.1248163,0.328543627398,0.353486124847,255,254,228,0,2436.97550939,0.0,1,0
-5.0,90.0,5.0,2163.19586553,2367.97725257,2492.72587449,0.307976505331,0.337131450078,240,255,247,0,2367.97725257,0.0,0,0
-5.0,90.0,8.0,1893.11771655,2077.02416107,2592.69571626,0.288460241392,0.316482639005,215,243,255,0,2077.02416107,0.0,0,0
-5.0,90.0,12.0,1571.70007755,1712.42216305,2437.31310202,0.274703808299,0.299299399626,194,228,255,0,1712.42216305,0.0,0,0
-5.0,90.0,20.0,1153.74195895,1240.6599889,1999.14998228,0.26259891252,0.282382001768,176,214,255,0,1240.6599889,0.0,0,0
-5.0,90.0,30.0,871.650182881,928.28114881,1598.16058519,0.256511655424,0.273177174578,167,207,255,0,928.28114881,0.0,0,0
-5.0,90.0,45.0,658.347016618,696.031165751,1249.72820556,0.252811106209,0.267282154438,162,202,255,0,696.031165751,0.0,0,0
-5.0,90.0,60.0,544.424695003,573.437959387,1046.60336251,0.251528409664,0.264932761664,161,200,255,0,573.437959387,0.0,0,0
-5.0,90.0,90.0,469.513825377,493.196456262,909.346666589,0.250801037768,0.263451630961,160,199,255,0,493.196456262,0.0,0,0
-5.0,180.0,0.0,2097.56943134,2163.76810937,1782.47015762,0.347060915244,0.358014056266,255,233,204,0,2163.76810937,0.0,1,0
-5.0,180.0,0.5,2362.26861706,2430.94544788,1903.75787683,0.352736824583,0.362991732535,255,230,196,0,2430.94544788,0.0,1,0
-5.0,180.0,1.0,2621.17880257,2713.70139961,2055.83691498,0.354658250481,0.36717700821,255,231,193,0,2713.70139961,0.0,1,0
-5.0,180.0,2.0,2995.68871125,3173.41797225,2422.46713233,0.348677527012,0.369363988517,255,240,199,0,3173.41797225,0.0,1,0
-5.0,180.0,3.0,3168.38946656,3426.13288255,2803.96311546,0.337117025771,0.364540956674,255,251,215,0,3426.13288255,0.0,1,0
-5.0,180.0,5.0,3153.97065836,3482.04374614,3376.86961735,0.314991230446,0.347756324605,241,255,236,0,3482.04374614,0.0,0,0
-5.0,180.0,8.0,2828.26238512,3136.35878669,3672.45302637,0.293477286463,0.325447197167,223,252,255,0,3136.35878669,0.0,0,0
-5.0,180.0,12.0,2360.71106498,2601.53675497,3524.9420527,0.278149905965,0.306525103598,199,234,255,0,2601.53675497,0.0,0,0
-5.0,180.0,20.0,1691.58263713,1839.12482548,2869.26114164,0.264311083653,0.287364663673,178,218,255,0,1839.12482548,0.0,0,0
-5.0,180.0,30.0,1202.50769805,1292.98673738,2187.84187941,0.256763046087,0.276082401617,167,209,255,0,1292.98673738,0.0,0,0
-5.0,180.0,45.0,790.746147981,841.574248441,1509.98308389,0.251645378283,0.267820805252,160,203,255,0,841.574248441,0.0,0,0
-5.0,180.0,60.0,583.118956999,616.293947265,1144.18094305,0.248813998923,0.262969604555,156,199,255,0,616.293947265,0.0,0,0
-5.0,180.0,90.0,469.513825377,493.196456262,909.346666589,0.250801037768,0.263451630961,160,199,255,0,493.196456262,0.0,0,0
-2.0,0.0,0.0,10125.9917999,9168.29342903,2502.9694932,0.464553538002,0.420616887122,255,175,78,0,9168.29342903,0.0,1,0
-2.0,0.0,0.5,10595.3879249,9767.26816641,2744.69352206,0.458528914055,0.422690976241,255,180,82,0,9767.26816641,0.0,1,0
-2.0,0.0,1.0,10597.0685634,9970.88440965,2980.37787631,0.450013575535,0.423422130147,255,186,88,0,9970.88440965,0.0,1,0
-2.0,0.0,2.0,9924.10697407,9677.28612465,3369.88566508,0.432022399628,0.421277640838,255,197,104,0,9677.28612465,0.0,1,0
-2.0,0.0,3.0,8996.37241348,8997.79488834,3625.07456112,0.416128024772,0.416193821475,255,206,119,0,8997.79488834,0.0,1,0
-2.0,0.0,5.0,7322.97834049,7537.61081366,3827.75258554,0.391847411744,0.403332244169,255,218,145,0,7537.61081366,0.0,0,0
-2.0,0.0,8.0,5539.57272681,5798.15370007,3679.13733428,0.368890123458,0.386109496116,255,229,173,0,5798.15370007,0.0,0,0
-2.0,0.0,12.0,4023.31399587,4235.84107216,3204.22367135,0.350971043297,0.369510697366,255,237,197,0,4235.84107216,0.0,0,0
-2.0,0.0,20.0,2358.21347385,2481.10351246,2311.44288887,0.329785017958,0.346970609525,255,246,228,0,2481.10351246,0.0,0,0
-2.0,0.0,30.0,1364.54782567,1431.81322833,1603.44099565,0.310138458565,0.325426737879,251,251,255,0,1431.81322833,0.0,0,0
-2.0,0.0,45.0,728.417124731,764.524895313,1048.73444713,0.286589239086,0.300795520274,213,228,255,0,764.524895313,0.0,0,0
-2.0,0.0,60.0,456.940630212,480.39242337,746.074359736,0.271437933917,0.285369079148,190,216,255,0,480.39242337,0.0,0,0
-2.0,0.0,90.0,292.722454271,308.590539249,535.001551585,0.257606888455,0.271571406508,170,205,255,0,308.590539249,0.0,0,0
-2.0,90.0,0.0,871.977047823,851.499785667,711.144161601,0.358157203762,0.349746341375,255,214,194,0,851.499785667,0.0,1,0
-2.0,90.0,0.5,986.757437457,962.83004274,749.940905982,0.365529565278,0.356666019024,255,212,185,0,962.83004274,0.0,1,0
-2.0,90.0,1.0,1094.39705351,1078.20162452,801.110676977,0.36802421584,0.362578011433,255,213,181,0,1078.20162452,0.0,1,0
-2.0,90.0,2.0,1240.82469937,1260.85032976,925.998090503,0.362002050972,0.367844390569,255,223,185,0,1260.85032976,0.0,1,0
-2.0,90.0,3.0,1302.21119024,1359.81713916,1061.64865002,0.349711104759,0.365181283628,255,235,199,0,1359.81713916,0.0,1,0
-2.0,90.0,5.0,1284.70360811,1382.04765019,1275.18059807,0.325907107205,0.35060160869,255,255,232,0,1382.04765019,0.0,0,0
-2.0,90.0,8.0,1150.01404112,1251.41507328,1398.06831961,0.302675304061,0.329363315812,238,255,255,0,1251.41507328,0.0,0,0
-2.0,90.0,12.0,968.062605381,1051.5240917,1362.25193706,0.286253340301,0.310932662807,212,238,255,0,1051.5240917,0.0,0,0
-2.0,90.0,20.0,718.491766045,773.087361626,1151.48952908,0.271839993338,0.292496133103,190,222,255,0,773.087361626,0.0,0,0
-2.0,90.0,30.0,545.273887054,581.929396466,933.800524098,0.264567142011,0.282352412118,179,214,255,0,581.929396466,0.0,0,0
-2.0,90.0,45.0,409.837494018,434.653781871,729.586991044,0.260366655603,0.276132255303,173,209,255,0,434.653781871,0.0,0,0
-2.0,90.0,60.0,341.277326554,360.627205147,618.516231187,0.258461042227,0.273115369951,171,206,255,0,360.627205147,0.0,0,0
-2.0,90.0,90.0,292.722454271,308.590539247,535.001551568,0.25760688846,0.27157140651,170,205,255,0,308.590539247,0.0,0,0
-2.0,180.0,0.0,996.292171991,981.249208301,776.007539944,0.361821126427,0.356358008056,255,215,189,0,981.249208301,0.0,1,0
-2.0,180.0,0.5,1153.54235849,1124.47296019,817.964118919,0.372593675681,0.363204272785,255,209,176,0,1124.47296019,0.0,1,0
-2.0,180.0,1.0,1320.45469167,1291.32022748,872.857929223,0.378936533382,0.37057569152,255,209,169,0,1291.32022748,0.0,1,0
-2.0,180.0,2.0,1587.62854994,1597.7885755,1026.02748602,0.37697956317,0.379392043089,255,216,168,0,1597.7885755,0.0,1,0
-2.0,180.0,3.0,1740.12022383,1806.36795207,1217.44935098,0.365269320601,0.379175407292,255,228,179,0,1806.36795207,0.0,1,0
-2.0,180.0,5.0,1813.43321369,1955.08335261,1577.75443712,0.33919590169,0.365691030508,255,249,212,0,1955.08335261,0.0,0,0
-2.0,180.0,8.0,1691.86857946,1856.60007089,1867.1589349,0.312404897277,0.342822699986,242,255,241,0,1856.60007089,0.0,0,0
-2.0,180.0,12.0,1453.59774069,1596.81750967,1906.9120354,0.29322206441,0.322112585598,223,248,255,0,1596.81750967,0.0,0,0
-2.0,180.0,20.0,1071.28585022,1166.93722048,1641.77340313,0.276104851498,0.300757288918,196,229,255,0,1166.93722048,0.0,0,0
-2.0,180.0,30.0,774.512584097,836.177198515,1290.99375739,0.266918350475,0.288169673566,182,218,255,0,836.177198515,0.0,0,0
-2.0,180.0,45.0,515.26775237,551.265258341,910.056981651,0.260685197416,0.278897121037,173,211,255,0,551.265258341,0.0,0,0
-2.0,180.0,60.0,379.782410053,403.651108546,694.124577477,0.257033825649,0.273187977933,168,207,255,0,403.651108546,0.0,0,0
-2.0,180.0,90.0,292.722454271,308.590539246,535.001551568,0.25760688846,0.27157140651,170,205,255,0,308.590539246,0.0,0,0
0.0,0.0,0.0,4274.10195734,3469.30985052,739.108061308,0.503871729541,0.408995192941,255,148,55,0,3469.30985052,0.0,1,0
0.0,0.0,0.5,4744.46589846,3935.01209585,819.64633376,0.49946350154,0.414249983466,255,152,54,0,3935.01209585,0.0,1,0
0.0,0.0,1.0,4961.08380876,4227.75862272,918.654094593,0.490832106246,0.418279502922,255,159,58,0,4227.75862272,0.0,1,0
0.0,0.0,2.0,4904.96055563,4390.70703274,1125.96492314,0.470651843674,0.421307029191,255,172,73,0,4390.70703274,0.0,1,0
0.0,0.0,3.0,4581.25701709,4251.98468664,1311.79494989,0.451576191738,0.419119696835,255,182,90,0,4251.98468664,0.0,1,0
0.0,0.0,5.0,3842.77147138,3722.75938164,1558.13366307,0.421187283312,0.408033348341,255,197,119,0,3722.75938164,0.0,0,0
0.0,0.0,8.0,2961.94693175,2950.04100597,1649.98628454,0.391689636158,0.390115189402,255,210,151,0,2950.04100597,0.0,0,0
0.0,0.0,12.0,2177.31897331,2198.2142862,1536.86693415,0.368263125294,0.371797275929,255,220,178,0,2198.2142862,0.0,0,0
0.0,0.0,20.0,1301.97300551,1326.60356136,1194.49394962,0.340556890043,0.346999500961,255,232,214,0,1326.60356136,0.0,0,0
0.0,0.0,30.0,776.362419722,796.844360116,876.484482027,0.31692255747,0.325283586761,255,245,249,0,796.844360116,0.0,0,0
0.0,0.0,45.0,429.593790865,445.712158446,593.169685607,0.292544037266,0.303520295365,223,230,255,0,445.712158446,0.0,0,0
0.0,0.0,60.0,279.373450468,292.008362252,433.298655903,0.278071943462,0.290647993438,200,220,255,0,292.008362252,0.0,0,0
0.0,0.0,90.0,186.199001725,196.021342204,317.804713947,0.265989052292,0.28002046498,182,211,255,0,196.021342204,0.0,0,0
0.0,90.0,0.0,421.222825944,395.343756523,343.235894451,0.363184968413,0.340871626325,255,202,191,0,395.343756523,0.0,1,0
0.0,90.0,0.5,499.278493318,463.637761199,359.688651606,0.377496326383,0.35054895007,255,196,176,0,463.637761199,0.0,1,0
0.0,90.0,1.0,578.525267413,540.794566169,383.347934487,0.384998786629,0.359889642715,255,196,166,0,540.794566169,0.0,1,0
0.0,90.0,2.0,696.545490415,674.742339554,446.221475088,0.383241774046,0.371245603902,255,205,164,0,674.742339554,0.0,1,0
0.0,90.0,3.0,756.570571051,759.182103129,522.57613652,0.371171994959,0.372453207326,255,217,175,0,759.182103129,0.0,1,0
0.0,90.0,5.0,772.558273331,808.717902853,658.684010659,0.344898216437,0.361041195108,255,238,206,0,808.717902853,0.0,0,0
0.0,90.0,8.0,706.769890358,755.993784861,757.987510952,0.318257126129,0.340422551418,253,255,243,0,755.993784861,0.0,0,0
0.0,90.0,12.0,602.409516064,647.203423526,763.397177284,0.299258066819,0.321510268677,233,248,255,0,647.203423526,0.0,0,0
0.0,90.0,20.0,451.457122876,482.796110538,663.430575899,0.282569755195,0.302185017914,207,230,255,0,482.796110538,0.0,0,0
0.0,90.0,30.0,344.09392855,365.808820623,545.294359306,0.274135373819,0.291435359556,194,221,255,0,365.808820623,0.0,0,0
0.0,90.0,45.0,258.639853482,273.575261171,428.324758403,0.269265088037,0.28481406014,187,215,255,0,273.575261171,0.0,0,0
0.0,90.0,60.0,216.574008171,228.418996605,366.36134065,0.266929005054,0.281528037525,183,213,255,0,228.418996605,0.0,0,0
0.0,90.0,90.0,186.199001725,196.021342204,317.804713947,0.265989052292,0.28002046498,182,211,255,0,196.021342204,0.0,0,0
0.0,180.0,0.0,407.584792184,393.323791523,344.147910561,0.355951688169,0.343497280258,255,212,198,0,393.323791523,0.0,1,0
0.0,180.0,0.5,495.115862689,462.070044703,360.265880953,0.375813268515,0.350730135851,255,198,177,0,462.070044703,0.0,1,0
0.0,180.0,1.0,611.327598824,561.772448833,379.351444124,0.393782093715,0.361861515034,255,190,159,0,561.772448833,0.0,1,0
0.0,180.0,2.0,874.598919294,820.167314541,445.0191082,0.408732082659,0.383294201726,255,192,140,0,820.167314541,0.0,1,0
0.0,180.0,3.0,1007.33832936,985.706623234,536.700538556,0.398197499664,0.389646557996,255,204,145,0,985.706623234,0.0,1,0
0.0,180.0,5.0,1105.492084,1148.25134648,757.238432589,0.367153352055,0.381354454692,255,228,176,0,1148.25134648,0.0,0,0
0.0,180.0,8.0,1068.35509898,1148.20061073,991.135673094,0.333060438641,0.357952331975,255,251,221,0,1148.20061073,0.0,0,0
0.0,180.0,12.0,937.056183461,1016.52396099,1079.55919236,0.308939379107,0.335139223133,243,255,249,0,1016.52396099,0.0,0,0
0.0,180.0,20.0,701.179281805,758.346428403,973.250071911,0.288221909704,0.311720641901,215,238,255,0,758.346428403,0.0,0,0
0.0,180.0,30.0,509.921178624,547.996720169,779.034045339,0.27759091916,0.298318484553,199,227,255,0,547.996720169,0.0,0,0
0.0,180.0,45.0,341.989520483,364.906694045,558.176287752,0.270331953201,0.288447257677,188,218,255,0,364.906694045,0.0,0,0
0.0,180.0,60.0,249.202276321,264.493899007,421.539260253,0.266459403526,0.282809963079,182,214,255,0,264.493899007,0.0,0,0
0.0,180.0,90.0,186.199001725,196.021342204,317.804713947,0.265989052292,0.28002046498,182,211,255,0,196.021342204,0.0,0,0
2.0,0.0,0.0,274.032529443,235.548943233,173.306563717,0.401284712631,0.344930545975,255,173,158,0,235.548943233,0.0,1,0
2.0,0.0,0.5,533.395928977,433.412170797,187.674899183,0.462021467149,0.375416676719,255,152,106,0,433.412170797,0.0,1,0
2.0,0.0,1.0,745.079138084,622.95613403,216.115152332,0.470333578546,0.393243043348,255,157,92,0,622.95613403,0.0,1,0
2.0,0.0,2.0,1009.25842051,904.121608799,302.721920107,0.455420573397,0.40797834641,255,174,94,0,904.121608799,0.0,1,0
2.0,0.0,3.0,1065.68662744,1007.93853786,401.019970783,0.430642200733,0.407306293402,255,190,112,0,1007.93853786,0.0,1,0
2.0,0.0,5.0,1004.79146838,1006.1907007,554.574671038,0.391646543421,0.392191934696,255,211,150,0,1006.1907007,0.0,0,0
2.0,0.0,8.0,819.187298555,846.648146718,629.846926843,0.356838257986,0.368800212521,255,230,191,0,846.648146718,0.0,0,0
2.0,0.0,12.0,635.745767439,662.724913933,599.609621674,0.33494144922,0.349155361272,255,241,220,0,662.724913933,0.0,0,0
2.0,0.0,20.0,410.868590094,429.537176091,469.135713869,0.313749962374,0.328005781133,255,252,253,0,429.537176091,0.0,0,0
2.0,0.0,30.0,264.139255414,277.226514541,343.281630169,0.298581395681,0.313375153199,232,239,255,0,277.226514541,0.0,0,0
2.0,0.0,45.0,160.457584032,168.480487952,227.065353357,0.288590999117,0.303020593532,216,230,255,0,168.480487952,0.0,0,0
2.0,0.0,60.0,111.267675778,116.761637344,165.662085189,0.282626636639,0.296581631818,207,225,255,0,116.761637344,0.0,0,0
2.0,0.0,90.0,77.8450660953,81.5959148761,119.510602142,0.279063001638,0.2925092375,202,221,255,0,81.5959148761,0.0,0,0
2.0,90.0,0.0,91.4428249377,91.4154524449,112.097536899,0.310022113516,0.309929311505,250,235,255,0,91.4154524449,0.0,1,0
2.0,90.0,0.5,111.656384488,107.012070685,116.295521138,0.333338485283,0.319473371029,255,218,227,0,107.012070685,0.0,1,0
2.0,90.0,1.0,140.419116599,131.025319871,122.40831226,0.356526943258,0.332675905636,255,203,199,0,131.025319871,0.0,1,0
2.0,90.0,2.0,199.865687821,187.181568518,139.61685322,0.379493654862,0.3554097671,255,198,172,0,187.181568518,0.0,1,0
2.0,90.0,3.0,242.443989346,233.760836836,163.408207543,0.379047918917,0.36547228482,255,205,170,0,233.760836836,0.0,1,0
2.0,90.0,5.0,276.704600345,279.533703316,212.443592792,0.359972833524,0.363653293522,255,222,189,0,279.533703316,0.0,0,0
2.0,90.0,8.0,270.311495253,281.521862141,256.256644475,0.334506669588,0.348379340779,255,241,221,0,281.521862141,0.0,0,0
2.0,90.0,12.0,238.450825988,251.258745861,267.733846314,0.314810083856,0.33171949196,255,254,251,0,251.258745861,0.0,0,0
2.0,90.0,20.0,183.185847459,193.45810486,240.327743515,0.296911266263,0.313560745439,229,240,255,0,193.45810486,0.0,0,0
2.0,90.0,30.0,141.159168635,148.734921424,200.73083657,0.287712998206,0.303154025308,215,230,255,0,148.734921424,0.0,0,0
2.0,90.0,45.0,107.044933782,112.491989806,159.621305627,0.282322591293,0.296688773019,207,225,255,0,112.491989806,0.0,0,0
2.0,90.0,60.0,89.9516934835,94.3735693074,137.110770284,0.279843216777,0.293599844438,203,222,255,0,94.3735693074,0.0,0,0
2.0,90.0,90.0,77.8450661766,81.5959149844,119.510602868,0.279063001014,0.292509236929,202,221,255,0,81.5959149844,0.0,0,0
2.0,180.0,0.0,69.9838607084,72.4649572678,98.7694734955,0.290126674397,0.30041236436,219,228,255,0,72.4649572678,0.0,1,0
2.0,180.0,0.5,71.4146294183,74.2207925513,102.751185284,0.287514009744,0.298811571895,215,226,255,0,74.2207925513,0.0,1,0
2.0,180.0,1.0,71.8344431399,74.9724805662,105.521455454,0.28468634158,0.297122665377,210,225,255,0,74.9724805662,0.0,1,0
2.0,180.0,2.0,87.3841536258,85.053231154,109.62305437,0.309806486472,0.301542575096,249,227,255,0,85.053231154,0.0,1,0
2.0,180.0,3.0,138.704334104,124.23256623,114.975326208,0.367027908499,0.32873391625,255,190,190,0,124.23256623,0.0,1,0
2.0,180.0,5.0,232.45762513,214.555268074,138.611733042,0.396939634558,0.366369955186,255,190,155,0,214.555268074,0.0,0,0
2.0,180.0,8.0,292.133099703,289.278106945,198.97360651,0.374344931856,0.370686489623,255,213,173,0,289.278106945,0.0,0,0
2.0,180.0,12.0,298.435247362,307.517633975,259.03889812,0.345015125519,0.355515094222,255,233,207,0,307.517633975,0.0,0,0
2.0,180.0,20.0,254.705716685,267.813170685,282.856086609,0.316257302392,0.332532272964,255,253,249,0,267.813170685,0.0,0,0
2.0,180.0,30.0,197.821088973,208.866922093,251.680296646,0.300471767331,0.317249356699,235,243,255,0,208.866922093,0.0,0,0
2.0,180.0,45.0,140.948399514,148.526887725,196.601277839,0.289971600444,0.305562741337,218,232,255,0,148.526887725,0.0,0,0
2.0,180.0,60.0,104.357469772,109.741056036,153.268264662,0.28406887198,0.298723398204,209,226,255,0,109.741056036,0.0,0,0
2.0,180.0,90.0,77.8450661766,81.5959149845,119.510602868,0.279063001014,0.292509236929,202,221,255,0,81.5959149845,0.0,0,0
4.0,0.0,0.0,63.0698093399,53.2254379518,43.4354389483,0.394850925796,0.333219866544,255,170,166,0,53.2254379518,0.0,1,0
4.0,0.0,0.5,102.742411074,83.5579255705,45.9119939159,0.442450281715,0.359834145623,255,154,125,0,83.5579255705,0.0,1,0
4.0,0.0,1.0,144.54717485,120.056833427,51.8543824564,0.456765183301,0.379376363346,255,157,108,0,120.056833427,0.0,1,0
4.0,0.0,2.0,197.67494805,176.850669423,72.0595102903,0.44263665707,0.396006625452,255,175,109,0,176.850669423,0.0,1,0
4.0,0.0,3.0,218.794034462,206.325888095,97.1607067742,0.418920446547,0.395047942634,255,191,127,0,206.325888095,0.0,1,0
4.0,0.0,5.0,207.938586314,207.774277961,135.486817041,0.377247290524,0.376949198274,255,214,168,0,207.774277961,0.0,0,0
4.0,0.0,8.0,167.277860065,171.755558774,150.715317969,0.341558532964,0.350701381882,255,234,212,0,171.755558774,0.0,0,0
4.0,0.0,12.0,125.193968053,128.981001102,136.693152127,0.320297208282,0.329985982686,255,244,243,0,128.981001102,0.0,0,0
4.0,0.0,20.0,77.4435241178,79.4484756011,98.7974938745,0.302881135355,0.310722487986,239,237,255,0,79.4484756011,0.0,0,0
4.0,0.0,30.0,49.7892884303,50.7226251585,68.1732490781,0.295161042282,0.300694052498,227,227,255,0,50.7226251585,0.0,0,0
4.0,0.0,45.0,29.4724778219,29.8727605857,42.5510866966,0.289239850326,0.293168183987,218,221,255,0,29.8727605857,0.0,0,0
4.0,0.0,60.0,20.2791448713,20.4310253232,30.1792074176,0.286067469548,0.288209968988,213,217,255,0,20.4310253232,0.0,0,0
4.0,0.0,90.0,13.9535976275,13.9437334069,20.9074940339,0.285906108832,0.285703993149,213,214,255,0,13.9437334069,0.0,0,0
4.0,90.0,0.0,16.850145597,16.648126671,23.5868518623,0.295175772212,0.291636865552,227,219,255,0,16.648126671,0.0,1,0
4.0,90.0,0.5,19.1335643185,18.4114822167,24.4724628316,0.30851874759,0.296875550222,247,222,255,0,18.4114822167,0.0,1,0
4.0,90.0,1.0,22.3107987961,20.9457017476,25.6698663068,0.323690335289,0.303885185085,255,216,241,0,20.9457017476,0.0,1,0
4.0,90.0,2.0,29.3862516174,27.029456018,28.2643662189,0.347026759423,0.319194998159,255,202,212,0,27.029456018,0.0,1,0
4.0,90.0,3.0,35.5605384837,32.9493866684,31.4912964246,0.355601040897,0.329489841713,255,201,201,0,32.9493866684,0.0,1,0
4.0,90.0,5.0,42.5056642758,40.5699606866,38.2312533332,0.350397808212,0.334440727984,255,211,205,0,40.5699606866,0.0,0,0
4.0,90.0,8.0,43.9250319409,43.1088322738,44.7350306925,0.333349019675,0.327154844124,255,224,226,0,43.1088322738,0.0,0,0
4.0,90.0,12.0,40.2965316472,40.1149581989,46.6072695116,0.317248663512,0.315819162474,255,236,249,0,40.1149581989,0.0,0,0
4.0,90.0,20.0,31.9754353331,32.0362971594,42.105701211,0.301321227033,0.301894759808,236,228,255,0,32.0362971594,0.0,0,0
4.0,90.0,30.0,25.0208037834,25.0781177027,35.3507709658,0.292813269018,0.293484001909,223,221,255,0,25.0781177027,0.0,0,0
4.0,90.0,45.0,19.2018641738,19.2310906794,28.2907970361,0.287781541507,0.288219564021,216,216,255,0,19.2310906794,0.0,0,0
4.0,90.0,60.0,16.15387708,16.1633725409,24.2027063699,0.285808380365,0.28597638228,213,214,255,0,16.1633725409,0.0,0,0
4.0,90.0,90.0,13.9535976274,13.9437334069,20.9074940337,0.285906108832,0.285703993149,213,214,255,0,13.9437334069,0.0,0,0
4.0,180.0,0.0,10.4925958641,10.5695942753,18.0068717417,0.268565339399,0.270536167658,188,203,255,0,10.5695942753,0.0,1,0
4.0,180.0,0.5,10.7740666627,10.8791091884,18.8526043633,0.265988375131,0.268581647628,184,201,255,0,10.8791091884,0.0,1,0
4.0,180.0,1.0,10.8507480445,10.989306967,19.2983713323,0.263761864729,0.267129979042,181,201,255,0,10.989306967,0.0,1,0
4.0,180.0,2.0,10.8826910318,11.0742751584,20.1120600959,0.258686544296,0.263240586627,173,198,255,0,11.0742751584,0.0,1,0
4.0,180.0,3.0,10.8082412842,11.0186624993,20.8173592725,0.253451238446,0.258385576622,165,195,255,0,11.0186624993,0.0,1,0
4.0,180.0,5.0,10.8060798398,10.8176958083,21.4776903383,0.250712582333,0.250982085197,163,189,255,0,10.8176958083,0.0,0,0
4.0,180.0,8.0,17.4063687473,15.9973068497,22.2307166878,0.312870654868,0.287543481517,252,213,255,0,15.9973068497,0.0,0,0
4.0,180.0,12.0,25.9701870226,24.3546653753,26.024783076,0.340148146895,0.318988626784,255,209,219,0,24.3546653753,0.0,0,0
4.0,180.0,20.0,30.8743440735,30.0929673485,32.9460333543,0.328753534943,0.320433346509,255,224,233,0,30.0929673485,0.0,0,0
4.0,180.0,30.0,28.4443920495,28.1317952442,33.847205012,0.314568955269,0.311111920565,255,235,253,0,28.1317952442,0.0,0,0
4.0,180.0,45.0,22.1883337172,22.1664711777,29.6978603021,0.299629103938,0.299333874328,234,226,255,0,22.1664711777,0.0,0,0
4.0,180.0,60.0,17.3633924316,17.4049402035,24.8394427627,0.291294085641,0.291991104974,221,220,255,0,17.4049402035,0.0,0,0
4.0,180.0,90.0,13.9535976273,13.9437334068,20.9074940338,0.285906108831,0.285703993148,213,214,255,0,13.9437334068,0.0,0,0
6.0,0.0,0.0,11.3868129487,9.13667777296,7.32604705043,0.40886901039,0.328072869565,255,156,157,0,9.13667777296,0.0,1,0
6.0,0.0,0.5,20.8146424824,16.1211772644,7.87613916797,0.464488564805,0.35975167466,255,142,111,0,16.1211772644,0.0,1,0
6.0,0.0,1.0,30.399831937,24.3747535547,9.2860807404,0.47454754571,0.380494849466,255,148,96,0,24.3747535547,0.0,1,0
6.0,0.0,2.0,41.6630990021,36.6555965614,14.3048335737,0.449811180703,0.395748217573,255,171,104,0,36.6555965614,0.0,1,0
6.0,0.0,3.0,44.9807299835,42.0040769611,20.3417671186,0.419101516806,0.391366978102,255,189,128,0,42.0040769611,0.0,1,0
6.0,0.0,5.0,39.4267727751,39.2096307402,28.0335868079,0.369614477846,0.367578834697,255,215,178,0,39.2096307402,0.0,0,0
6.0,0.0,8.0,28.1680123097,28.7476984227,28.2997408636,0.330550525546,0.337353119467,255,237,228,0,28.7476984227,0.0,0,0
6.0,0.0,12.0,18.2826524248,18.7283457652,22.6769781957,0.306303773923,0.313770827884,244,240,255,0,18.7283457652,0.0,0,0
6.0,0.0,20.0,9.51940343246,9.65356082387,13.8747804407,0.288050017323,0.292109519496,216,220,255,0,9.65356082387,0.0,0,0
6.0,0.0,30.0,5.31174620022,5.3492274288,8.53607690125,0.276695953467,0.27864840072,200,209,255,0,5.3492274288,0.0,0,0
6.0,0.0,45.0,2.83349556554,2.81649799418,4.81349856007,0.270798270128,0.269173805641,192,201,255,0,2.81649799418,0.0,0,0
6.0,0.0,60.0,1.81821108555,1.79289369699,3.26444111862,0.264446068965,0.260763832103,183,195,255,0,1.79289369699,0.0,0,0
6.0,0.0,90.0,1.12706259113,1.09505313039,2.09075533621,0.261325362163,0.253903517108,179,189,255,0,1.09505313039,0.0,0,0
6.0,90.0,0.0,1.7885047325,1.76965719464,3.10295884964,0.268499069817,0.265669585336,189,199,255,0,1.76965719464,0.0,1,0
6.0,90.0,0.5,1.93950036678,1.90745953254,3.2375818852,0.273765110825,0.269242470516,196,201,255,0,1.90745953254,0.0,1,0
6.0,90.0,1.0,2.12809689551,2.08103423344,3.42982118807,0.278584916778,0.272424037627,203,203,255,0,2.08103423344,0.0,1,0
6.0,90.0,2.0,2.47700206236,2.40314242841,3.75811650368,0.286747768324,0.278197478631,215,207,255,0,2.40314242841,0.0,1,0
6.0,90.0,3.0,2.78648320738,2.70068887639,4.08772734731,0.291019579624,0.282059242066,221,210,255,0,2.70068887639,0.0,1,0
6.0,90.0,5.0,3.19064033291,3.10965714608,4.64758547681,0.291439024859,0.284041869888,222,212,255,0,3.10965714608,0.0,0,0
6.0,90.0,8.0,3.33971604909,3.27813587191,5.08185963243,0.285452853589,0.280189460821,213,209,255,0,3.27813587191,0.0,0,0
6.0,90.0,12.0,3.14855005318,3.09869691369,5.08674764392,0.277797031082,0.273398481303,202,204,255,0,3.09869691369,0.0,0,0
6.0,90.0,20.0,2.5771324007,2.53178806523,4.47508473664,0.268899311533,0.264168060401,189,197,255,0,2.53178806523,0.0,0,0
6.0,90.0,30.0,2.05062816118,2.00810943768,3.71664812991,0.263733303107,0.258264928291,182,193,255,0,2.00810943768,0.0,0,0
6.0,90.0,45.0,1.59288693434,1.55528845181,2.96620734141,0.260514757632,0.254365570673,178,190,255,0,1.55528845181,0.0,0,0
6.0,90.0,60.0,1.33639041717,1.30287596281,2.50140273023,0.259964294242,0.253444821069,177,189,255,0,1.30287596281,0.0,0,0
6.0,90.0,90.0,1.12706259113,1.09505313039,2.09075533621,0.261325362163,0.253903517108,179,189,255,0,1.09505313039,0.0,0,0
6.0,180.0,0.0,0.985306635438,0.980030411829,2.24862527463,0.233819517161,0.232567435816,138,177,255,0,0.980030411829,0.0,1,0
6.0,180.0,0.5,1.02656152477,1.02161649946,2.37334090553,0.232173952227,0.231055552558,135,176,255,0,1.02161649946,0.0,1,0
6.0,180.0,1.0,1.04567748171,1.0432254373,2.43858126104,0.230962150309,0.230420559368,133,175,255,0,1.0432254373,0.0,1,0
6.0,180.0,2.0,1.07205402675,1.07306900578,2.56088054814,0.227805612209,0.228021289697,128,174,255,0,1.07306900578,0.0,1,0
6.0,180.0,3.0,1.0834126892,1.08410622413,2.66446231924,0.224217073091,0.224360603228,122,172,255,0,1.08410622413,0.0,1,0
6.0,180.0,5.0,1.07526673793,1.06649872311,2.79783942725,0.217682742294,0.215907698536,112,167,255,0,1.06649872311,0.0,0,0
6.0,180.0,8.0,1.0175610863,0.990163770029,2.81057459462,0.211186767584,0.205500670954,102,160,255,0,0.990163770029,0.0,0,0
6.0,180.0,12.0,1.00573107958,0.946775625352,2.66861739934,0.217637755855,0.204879939164,117,158,255,0,0.946775625352,0.0,0,0
6.0,180.0,20.0,1.28373936791,1.19634122691,2.53014055774,0.256224092474,0.238780123767,174,177,255,0,1.19634122691,0.0,0,0
6.0,180.0,30.0,1.45693635342,1.38422574205,2.55860790948,0.269814520264,0.256349018713,192,190,255,0,1.38422574205,0.0,0,0
6.0,180.0,45.0,1.40367433194,1.34989155478,2.45958577691,0.26925637743,0.258939628439,191,193,255,0,1.34989155478,0.0,0,0
6.0,180.0,60.0,1.24642209263,1.2051660641,2.22076178753,0.266765569253,0.25793574507,187,192,255,0,1.2051660641,0.0,0,0
6.0,180.0,90.0,1.12706259113,1.09505313039,2.09075533621,0.261325362163,0.253903517108,179,189,255,0,1.09505313039,0.0,0,0
9.0,0.0,0.0,0.765853250648,0.519929110132,0.227809351555,0.505984040747,0.343506842628,255,110,94,0,0.519929110132,0.0,1,0
9.0,0.0,0.5,1.61086541824,1.14858119391,0.288687470162,0.528475905174,0.376814524195,255,119,62,0,1.14858119391,0.0,1,0
9.0,0.0,1.0,2.4439962362,1.87590668546,0.431992359179,0.514320306269,0.394770207379,255,135,59,0,1.87590668546,0.0,1,0
9.0,0.0,2.0,3.22676039218,2.82382160125,0.927545239971,0.462410656076,0.404667542852,255,168,90,0,2.82382160125,0.0,1,0
9.0,0.0,3.0,3.18020594778,3.02768090836,1.44714039311,0.41544018646,0.395515366539,255,194,129,0,3.02768090836,0.0,1,0
9.0,0.0,5.0,2.34817504074,2.42214349752,1.87984772322,0.353100200569,0.364222998686,255,231,196,0,2.42214349752,0.0,0,0
9.0,0.0,8.0,1.34167808418,1.40541176092,1.52534122573,0.314031534257,0.32894896082,255,253,253,0,1.40541176092,0.0,0,0
9.0,0.0,12.0,0.638596293281,0.668370135101,0.900537564521,0.289284320814,0.302771880481,217,230,255,0,0.668370135101,0.0,0,0
9.0,0.0,20.0,0.21465246967,0.219158657796,0.3518541962,0.273211077547,0.278946583481,194,210,255,0,0.219158657796,0.0,0,0
9.0,0.0,30.0,0.0905216168128,0.0898064106516,0.166762247878,0.260801362768,0.25874078599,178,194,255,0,0.0898064106516,0.0,0,0
9.0,0.0,45.0,0.0380639074654,0.0364575908925,0.0805956277641,0.245388168392,0.235032660828,158,176,255,0,0.0364575908925,0.0,0,0
9.0,0.0,60.0,0.0224971012243,0.0210254609031,0.0548085870947,0.228789161952,0.21382299576,135,162,255,0,0.0210254609031,0.0,0,0
9.0,0.0,90.0,0.0120662275943,0.010640142183,0.0341681190311,0.212155359057,0.18708110448,113,144,255,0,0.010640142183,0.0,0,0
9.0,90.0,0.0,0.0362791539765,0.0362235425188,0.0790756548944,0.239342581865,0.238975699278,146,181,255,0,0.0362235425188,0.0,1,0
9.0,90.0,0.5,0.0392352177913,0.0394483233425,0.0835641519623,0.241822962426,0.243136420554,149,184,255,0,0.0394483233425,0.0,1,0
9.0,90.0,1.0,0.0428064209615,0.0433959339146,0.0908796371187,0.241732208223,0.245061247763,148,185,255,0,0.0433959339146,0.0,1,0
9.0,90.0,2.0,0.0465201688022,0.0475132881222,0.101021797411,0.238497388654,0.243588865545,143,185,255,0,0.0475132881222,0.0,1,0
9.0,90.0,3.0,0.0485651768036,0.0495290601631,0.109313863979,0.234152748047,0.238800027276,136,182,255,0,0.0495290601631,0.0,1,0
9.0,90.0,5.0,0.0494968276796,0.0496702979252,0.118616647194,0.227275095126,0.228071620245,127,174,255,0,0.0496702979252,0.0,0,0
9.0,90.0,8.0,0.0471830647089,0.0461261149858,0.119479688425,0.221736527506,0.216769398669,120,166,255,0,0.0461261149858,0.0,0,0
9.0,90.0,12.0,0.0422915879056,0.0404006425016,0.111104419399,0.218226620264,0.208469251363,116,160,255,0,0.0404006425016,0.0,0,0
9.0,90.0,20.0,0.0336380692887,0.0314067624715,0.0913615468623,0.215068398009,0.200802312208,113,155,255,0,0.0314067624715,0.0,0,0
9.0,90.0,30.0,0.0264882428448,0.0244129747229,0.0732780041587,0.213306561891,0.196594682939,111,152,255,0,0.0244129747229,0.0,0,0
9.0,90.0,45.0,0.0203641752692,0.0185856542073,0.0570563994602,0.212113062816,0.193588003749,110,150,255,0,0.0185856542073,0.0,0,0
9.0,90.0,60.0,0.0165109344255,0.0149760567776,0.0462511288991,0.212391737847,0.192647529397,111,149,255,0,0.0149760567776,0.0,0,0
9.0,90.0,90.0,0.0120637496467,0.0106376768343,0.0341619695536,0.212153168611,0.187074244174,113,144,255,0,0.0106376768343,0.0,0,0
9.0,180.0,0.0,0.026079349122,0.02585029439,0.0693313637911,0.215067891171,0.213178951461,107,165,255,0,0.02585029439,0.0,1,0
9.0,180.0,0.5,0.0274408197714,0.0272683676217,0.073027463996,0.214823384463,0.213473324415,106,165,255,0,0.0272683676217,0.0,1,0
9.0,180.0,1.0,0.0285284712739,0.0284446648778,0.0760974934291,0.214385934475,0.213756145646,105,166,255,0,0.0284446648778,0.0,1,0
9.0,180.0,2.0,0.0302667016806,0.0302870390719,0.0819546153919,0.21238545233,0.212528162497,101,165,255,0,0.0302870390719,0.0,1,0
9.0,180.0,3.0,0.0314441132841,0.0314329412967,0.0870963026207,0.209664662249,0.209590169103,96,163,255,0,0.0314329412967,0.0,1,0
9.0,180.0,5.0,0.032450529745,0.0320594570429,0.0944160364341,0.204186382363,0.201725660738,86,158,255,0,0.0320594570429,0.0,0,0
9.0,180.0,8.0,0.0318469729463,0.0306586109236,0.0983793975927,0.197948700101,0.19056229267,75,151,255,0,0.0306586109236,0.0,0,0
9.0,180.0,12.0,0.0285813040118,0.0266415077729,0.0928834793507,0.192978325179,0.179881000116,67,144,255,0,0.0266415077729,0.0,0,0
9.0,180.0,20.0,0.0221357830579,0.0197886883234,0.075631864017,0.188299362879,0.168333661103,61,135,255,0,0.0197886883234,0.0,0,0
9.0,180.0,30.0,0.0171429899412,0.0149010358054,0.0596394950514,0.186980056961,0.162526871521,62,131,255,0,0.0149010358054,0.0,0,0
9.0,180.0,45.0,0.0138178608253,0.0118226586227,0.0461952994402,0.192353355737,0.164578880087,78,131,255,0,0.0118226586227,0.0,0,0
9.0,180.0,60.0,0.0117321339748,0.01010189179,0.0367390893966,0.200298958702,0.172466357,94,135,255,0,0.01010189179,0.0,0,0
9.0,180.0,90.0,0.012063749639,0.0106376768267,0.0341619695518,0.21215316854,0.187074244096,113,144,255,0,0.0106376768267,0.0,0,0
12.0,0.0,0.0,0.0523126130982,0.0327946747191,0.00625657665947,0.572574435175,0.358945792266,255,87,43,0,0.0327946747191,0.0,1,1
12.0,0.0,0.5,0.114886987813,0.0807304330731,0.0109709232087,0.55611553651,0.390779225357,255,114,19,0,0.0807304330731,0.0,1,1
12.0,0.0,1.0,0.172833360791,0.13403284994,0.0225009440713,0.524743764734,0.406940546397,255,136,36,0,0.13403284994,0.0,1,1
12.0,0.0,2.0,0.219277545047,0.195316894629,0.0590682780048,0.462940267118,0.412354376518,255,172,85,0,0.195316894629,0.0,1,1
12.0,0.0,3.0,0.198723021229,0.191250326256,0.0879606923911,0.415795914601,0.400160503959,255,196,127,0,0.191250326256,0.0,1,1
12.0,0.0,5.0,0.113025903119,0.115614092917,0.0843813194947,0.361080531936,0.369348945841,255,226,186,0,0.115614092917,0.0,0,1
12.0,0.0,8.0,0.0372769638274,0.0386144352668,0.0385031218652,0.325863192702,0.337554936573,255,243,234,0,0.0386144352668,0.0,0,1
12.0,0.0,12.0,0.00951728012356,0.00956700863126,0.0118999020585,0.307165682683,0.308770646583,245,234,255,0,0.00956700863126,0.0,0,1
12.0,0.0,20.0,0.00168435019322,0.00159699857893,0.00345480522307,0.250046271866,0.237078692094,165,177,255,0,0.00159699857893,0.0,0,1
12.0,0.0,30.0,0.000783438608913,0.000722223157211,0.00229094061672,0.206352556816,0.190228811022,99,148,255,0,0.000722223157211,0.0,0,1
12.0,0.0,45.0,0.000425600284249,0.000382915138958,0.00137729582903,0.194710446208,0.175182161116,77,139,255,0,0.000382915138958,0.0,0,1
12.0,0.0,60.0,0.000309425123355,0.000274131888734,0.00102192316296,0.192730578779,0.170747601243,74,136,255,0,0.000274131888734,0.0,0,1
12.0,0.0,90.0,0.000184328970208,0.000155137926065,0.000654443585113,0.185458322113,0.156088429462,62,126,255,0,0.000155137926065,0.0,0,1
12.0,90.0,0.0,0.000703315902095,0.000689595111608,0.0015549326842,0.238586565019,0.23393204738,146,177,255,0,0.000689595111608,0.0,1,1
12.0,90.0,0.5,0.000764648311901,0.000757374621491,0.00165053599444,0.241019419748,0.23872673092,149,180,255,0,0.000757374621491,0.0,1,1
12.0,90.0,1.0,0.000837520245748,0.000839705312579,0.0018093642439,0.240211866969,0.240838572993,147,182,255,0,0.000839705312579,0.0,1,1
12.0,90.0,2.0,0.000901005201591,0.000916286783164,0.00202237715666,0.234656989549,0.238636910998,137,181,255,0,0.000916286783164,0.0,1,1
12.0,90.0,3.0,0.000926544802776,0.000945268330014,0.00219359653779,0.22790933211,0.232514901722,126,178,255,0,0.000945268330014,0.0,1,1
12.0,90.0,5.0,0.000915853542359,0.000922717489389,0.00237968120748,0.217116827164,0.21874402882,109,169,255,0,0.000922717489389,0.0,0,1
12.0,90.0,8.0,0.000843911742273,0.00082681217724,0.00238739938582,0.207956160712,0.203742497463,95,159,255,0,0.00082681217724,0.0,0,1
12.0,90.0,12.0,0.000737748393015,0.000702600320852,0.00220935813582,0.202139082233,0.192508699956,86,151,255,0,0.000702600320852,0.0,0,1
12.0,90.0,20.0,0.000575519222936,0.000531519985789,0.00180683457567,0.197510004043,0.18241009224,80,144,255,0,0.000531519985789,0.0,0,1
12.0,90.0,30.0,0.000448421509769,0.000406596844346,0.00144206827184,0.195213147254,0.177005446705,77,141,255,0,0.000406596844346,0.0,0,1
12.0,90.0,45.0,0.000340301249716,0.000304053719932,0.00111473134177,0.193453412438,0.172847527696,75,138,255,0,0.000304053719932,0.0,0,1
12.0,90.0,60.0,0.000272582444419,0.000241091094557,0.000903820204368,0.192298869535,0.170082651644,73,136,255,0,0.000241091094557,0.0,0,1
12.0,90.0,90.0,0.000184328970208,0.000155137926065,0.000654443585113,0.185458322113,0.156088429462,62,126,255,0,0.000155137926065,0.0,0,1
12.0,180.0,0.0,0.000314209132297,0.000298230768762,0.000914526362413,0.205773460628,0.195309337146,94,153,255,0,0.000298230768762,0.0,1,1
12.0,180.0,0.5,0.000343993227335,0.000324220418475,0.00101623022171,0.204217685117,0.19247920618,92,151,255,0,0.000324220418475,0.0,1,1
12.0,180.0,1.0,0.000353422980498,0.000333653044313,0.00104248958414,0.204342049049,0.192911470133,92,151,255,0,0.000333653044313,0.0,1,1
12.0,180.0,2.0,0.000367716089092,0.000347989712484,0.00108769360448,0.203901635908,0.192963195682,91,151,255,0,0.000347989712484,0.0,1,1
12.0,180.0,3.0,0.000377179667471,0.000356989607536,0.00112585677811,0.20278192708,0.19192720819,88,151,255,0,0.000356989607536,0.0,1,1
12.0,180.0,5.0,0.000385845838213,0.000363154368051,0.00118118332119,0.19990111444,0.188144993927,83,148,255,0,0.000363154368051,0.0,0,1
12.0,180.0,8.0,0.000383232329683,0.000355618363912,0.0012150874827,0.196133293434,0.182000826959,76,144,255,0,0.000355618363912,0.0,0,1
12.0,180.0,12.0,0.000367692757661,0.000335138061546,0.00120410101216,0.192819036115,0.175747269007,70,140,255,0,0.000335138061546,0.0,0,1
12.0,180.0,20.0,0.000316054577895,0.000280005382038,0.00107561617824,0.189064478865,0.167499778003,65,134,255,0,0.000280005382038,0.0,0,1
12.0,180.0,30.0,0.000269332471804,0.000233243836423,0.000940998949393,0.186573211464,0.161573728277,61,130,255,0,0.000233243836423,0.0,0,1
12.0,180.0,45.0,0.000225199572148,0.000191128331343,0.000803308532094,0.184644838066,0.156709266603,59,127,255,0,0.000191128331343,0.0,0,1
12.0,180.0,60.0,0.000187768115614,0.000157776628927,0.000671245751282,0.184667457441,0.155171227087,60,125,255,0,0.000157776628927,0.0,0,1
12.0,180.0,90.0,0.000184328970208,0.000155137926065,0.000654443585113,0.185458322113,0.156088429462,62,126,255,0,0.000155137926065,0.0,0,1
15.0,0.0,0.0,0.00306056103868,0.00183800442867,6.55279638189e-05,0.616539773297,0.370259837805,255,74,0,1,0.00183800442867,0.0,1,1
15.0,0.0,0.5,0.00683820501766,0.00465229888973,0.000328134898522,0.578594974426,0.393640838521,255,105,0,1,0.00465229888973,0.0,1,1
15.0,0.0,1.0,0.0091847066904,0.00693633013287,0.00085968910102,0.540890108665,0.408482544492,255,130,1,0,0.00693633013287,0.0,1,1
15.0,0.0,2.0,0.00903880150273,0.00776489854279,0.00196584486739,0.481567429827,0.413696686777,255,162,70,0,0.00776489854279,0.0,1,1
15.0,0.0,3.0,0.00596932847715,0.00549681607989,0.00211452049055,0.439546108842,0.404753085407,255,182,107,0,0.00549681607989,0.0,1,1
15.0,0.0,5.0,0.00159910768565,0.00151195944666,0.000781739059017,0.410785332496,0.388398335892,255,193,136,0,0.00151195944666,0.0,0,1
15.0,0.0,8.0,0.000133539588578,0.000109743873704,2.89034810833e-05,0.490617172619,0.403193012668,255,151,71,0,0.000109743873704,0.0,0,1
15.0,0.0,12.0,2.44413274144e-06,2.08765137939e-06,8.64371057097e-06,0.185505956218,0.15844956324,60,128,255,0,2.08765137939e-06,0.0,0,1
15.0,0.0,20.0,1.27598872814e-06,9.79331709227e-07,4.94877254388e-06,0.177119969364,0.135941014612,50,111,255,0,9.79331709227e-07,0.0,0,1
15.0,0.0,30.0,8.92554606039e-07,6.62683897515e-07,3.53656639661e-06,0.175292381295,0.130147150276,49,106,255,0,6.62683897515e-07,0.0,0,1
15.0,0.0,45.0,5.69010120907e-07,4.06004838782e-07,2.31085595458e-06,0.173168738442,0.123560799975,47,100,255,0,4.06004838782e-07,0.0,0,1
15.0,0.0,60.0,4.25348227188e-07,2.96232080846e-07,1.74980406538e-06,0.172109297025,0.119864835286,47,97,255,0,2.96232080846e-07,0.0,0,1
15.0,0.0,90.0,2.88234920779e-07,1.88782605253e-07,1.22493512618e-06,0.169355428546,0.11092118515,45,89,255,0,1.88782605253e-07,0.0,0,1
15.0,90.0,0.0,1.06875819586e-06,9.20424657718e-07,3.57754177504e-06,0.191990491206,0.16534402528,76,132,255,0,9.20424657718e-07,0.0,1,1
15.0,90.0,0.5,1.12983347613e-06,9.80335739343e-07,3.74249282194e-06,0.193046082092,0.167502536978,78,133,255,0,9.80335739343e-07,0.0,1,1
15.0,90.0,1.0,1.2271739646e-06,1.07064787305e-06,4.07056982921e-06,0.192697627407,0.168119036809,76,134,255,0,1.07064787305e-06,0.0,1,1
15.0,90.0,2.0,1.3063515314e-06,1.13561517589e-06,4.41702690961e-06,0.190458193193,0.165565859851,71,132,255,0,1.13561517589e-06,0.0,1,1
15.0,90.0,3.0,1.34227803299e-06,1.15226847885e-06,4.66026177005e-06,0.187605031485,0.161048127839,65,129,255,0,1.15226847885e-06,0.0,1,1
15.0,90.0,5.0,1.33355047343e-06,1.10600055936e-06,4.85271869234e-06,0.182871797629,0.151667533024,57,123,255,0,1.10600055936e-06,0.0,0,1
15.0,90.0,8.0,1.23637832794e-06,9.79291133198e-07,4.7019860876e-06,0.178727940302,0.141564020685,50,115,255,0,9.79291133198e-07,0.0,0,1
15.0,90.0,12.0,1.0832561996e-06,8.23828182788e-07,4.24634665253e-06,0.176041007603,0.133881110898,47,109,255,0,8.23828182788e-07,0.0,0,1
15.0,90.0,20.0,8.42171620041e-07,6.14164578972e-07,3.38754431701e-06,0.173863004518,0.126791851479,46,103,255,0,6.14164578972e-07,0.0,0,1
15.0,90.0,30.0,6.51980585571e-07,4.63716879673e-07,2.65817836656e-06,0.172761536052,0.122875499974,46,100,255,0,4.63716879673e-07,0.0,0,1
15.0,90.0,45.0,4.9022709696e-07,3.41604093817e-07,2.01974487011e-06,0.171914438364,0.119794838547,46,97,255,0,3.41604093817e-07,0.0,0,1
15.0,90.0,60.0,3.96532454845e-07,2.73107316684e-07,1.642248299e-06,0.171518880996,0.118131721066,46,95,255,0,2.73107316684e-07,0.0,0,1
15.0,90.0,90.0,2.88234920779e-07,1.88782605253e-07,1.22493512618e-06,0.169355428546,0.11092118515,45,89,255,0,1.88782605253e-07,0.0,0,1
15.0,180.0,0.0,7.61578534422e-07,6.15510039849e-07,2.8784677756e-06,0.178960979907,0.144636796989,48,118,255,0,6.15510039849e-07,0.0,1,1
15.0,180.0,0.5,7.90656152135e-07,6.35464239165e-07,3.00905979456e-06,0.178269228983,0.143278111043,46,117,255,0,6.35464239165e-07,0.0,1,1
15.0,180.0,1.0,8.06878808613e-07,6.45891982363e-07,3.08710619792e-06,0.177731425452,0.142270811289,45,116,255,0,6.45891982363e-07,0.0,1,1
15.0,180.0,2.0,8.3061915679e-07,6.57392619987e-07,3.21363208494e-06,0.176665689963,0.13982186642,43,114,255,0,6.57392619987e-07,0.0,1,1
15.0,180.0,3.0,8.44972824089e-07,6.5989252115e-07,3.30275705869e-06,0.175756902913,0.137259640152,41,112,255,0,6.5989252115e-07,0.0,1,1
15.0,180.0,5.0,8.5221616388e-07,6.48065854577e-07,3.38586762086e-06,0.174414667333,0.132633239343,41,109,255,0,6.48065854577e-07,0.0,0,1
15.0,180.0,8.0,8.28303935755e-07,6.09210345275e-07,3.34830782937e-06,0.173074534876,0.127294816068,41,104,255,0,6.09210345275e-07,0.0,0,1
15.0,180.0,12.0,7.68786338654e-07,5.47440437291e-07,3.15697101791e-06,0.171865044669,0.122382345364,42,100,255,0,5.47440437291e-07,0.0,0,1
15.0,180.0,20.0,6.26298013806e-07,4.28690795132e-07,2.61983069549e-06,0.170429598801,0.116656286007,43,94,255,0,4.28690795132e-07,0.0,0,1
15.0,180.0,30.0,4.93837200907e-07,3.29356268039e-07,2.08963721643e-06,0.169538587803,0.11307085911,43,91,255,0,3.29356268039e-07,0.0,0,1
15.0,180.0,45.0,3.82827394916e-07,2.50474227968e-07,1.63306296369e-06,0.168916950602,0.110518064681,43,88,255,0,2.50474227968e-07,0.0,0,1
15.0,180.0,60.0,3.15227380303e-07,2.05774514377e-07,1.34414299642e-06,0.169009593736,0.110326289051,44,88,255,0,2.05774514377e-07,0.0,0,1
15.0,180.0,90.0,2.88234920779e-07,1.88782605253e-07,1.22493512618e-06,0.169355428546,0.11092118515,45,89,255,0,1.88782605253e-07,0.0,0,1
18.0,0.0,0.0,8.87551877187e-05,5.04296973814e-05,1.26865636061e-06,0.631918474933,0.359048955668,255,57,0,1,5.04296973814e-05,0.0,1,1
18.0,0.0,0.5,0.000148577695714,9.4258218408e-05,5.18302898681e-06,0.599057853613,0.380044432197,255,89,0,1,9.4258218408e-05,0.0,1,1
18.0,0.0,1.0,0.000152415569315,0.000103928691935,8.97071958498e-06,0.57447027241,0.391718144253,255,106,0,1,0.000103928691935,0.0,1,1
18.0,0.0,2.0,7.72510652124e-05,5.51927226701e-05,4.7636695684e-06,0.563023808236,0.402257455211,255,117,0,1,5.51927226701e-05,0.0,1,1
18.0,0.0,3.0,1.78231727156e-05,1.16607491048e-05,5.17044680125e-07,0.594086617685,0.388679114876,255,96,0,1,1.16607491048e-05,0.0,1,1
18.0,0.0,5.0,1.87504540568e-08,1.80534776753e-08,5.94334332299e-08,0.194835488942,0.187593225172,67,149,255,0,1.80534776753e-08,0.0,0,1
18.0,0.0,8.0,8.20390354484e-09,6.22020775129e-09,3.34532278035e-08,0.171352537529,0.129919662794,25,107,255,0,6.22020775129e-09,0.0,0,1
18.0,0.0,12.0,4.77904970584e-09,3.03665745486e-09,2.12744049442e-08,0.164284334437,0.104387959865,25,84,255,0,3.03665745486e-09,0.0,0,1
18.0,0.0,20.0,2.74440931481e-09,1.55465880963e-09,1.26576195524e-08,0.161848196246,0.0916841094945,32,69,255,0,1.55465880963e-09,0.0,0,1
18.0,0.0,30.0,1.61073679447e-09,8.56737050093e-10,7.53742740706e-09,0.160994771858,0.0856317347414,37,60,255,0,8.56737050093e-10,0.0,0,1
18.0,0.0,45.0,9.77501986871e-10,5.000370857e-10,4.60827386118e-09,0.160619788599,0.0821643864417,40,55,255,0,5.000370857e-10,0.0,0,1
18.0,0.0,60.0,6.53044951293e-10,3.23363841525e-10,3.09721160047e-09,0.160310703562,0.0793799643329,42,50,255,0,3.23363841525e-10,0.0,0,1
18.0,0.0,90.0,3.70212094352e-10,1.70188077833e-10,1.78076938491e-09,0.159493774688,0.0733199680792,46,37,255,0,1.70188077833e-10,0.0,0,1
18.0,90.0,0.0,1.13240672929e-09,7.31491109796e-10,4.85041001005e-09,0.16865576538,0.108945125281,44,87,255,0,7.31491109796e-10,0.0,1,1
18.0,90.0,0.5,1.18874070357e-09,7.78787851016e-10,5.0677473613e-09,0.168968597363,0.110697556191,43,88,255,0,7.78787851016e-10,0.0,1,1
18.0,90.0,1.0,1.29409283717e-09,8.54984916473e-10,5.52461338621e-09,0.168640203728,0.111417686859,41,89,255,0,8.54984916473e-10,0.0,1,1
18.0,90.0,2.0,1.39353917946e-09,9.17607067991e-10,6.01407242004e-09,0.167387696962,0.110220176147,35,89,255,0,9.17607067991e-10,0.0,1,1
18.0,90.0,3.0,1.45662596804e-09,9.42651315719e-10,6.37675241664e-09,0.165977784689,0.107412047122,31,86,255,0,9.42651315719e-10,0.0,1,1
18.0,90.0,5.0,1.49565036197e-09,9.2265736435e-10,6.70936598411e-09,0.163858876798,0.101083517402,28,80,255,0,9.2265736435e-10,0.0,0,1
18.0,90.0,8.0,1.43404705175e-09,8.31167560918e-10,6.57491209783e-09,0.16222019194,0.0940221320506,30,72,255,0,8.31167560918e-10,0.0,0,1
18.0,90.0,12.0,1.28746506921e-09,7.07118668784e-10,5.98795749557e-09,0.161285113542,0.0885831526696,34,65,255,0,7.07118668784e-10,0.0,0,1
18.0,90.0,20.0,1.02198919293e-09,5.31422787587e-10,4.80937179076e-09,0.160619821397,0.0835204851665,38,57,255,0,5.31422787587e-10,0.0,0,1
18.0,90.0,30.0,7.98524205107e-10,4.02002932566e-10,3.78034698919e-09,0.160318085695,0.0807093137323,40,52,255,0,4.02002932566e-10,0.0,0,1
18.0,90.0,45.0,4.96219202818e-10,2.31685462718e-10,2.38312458268e-09,0.159503226498,0.074472286897,44,40,255,0,2.31685462718e-10,0.0,0,1
18.0,90.0,60.0,4.92317114915e-10,2.38052548007e-10,2.34618454068e-09,0.160022246427,0.077376354276,43,46,255,0,2.38052548007e-10,0.0,0,1
18.0,90.0,90.0,3.70212094352e-10,1.70188077833e-10,1.78076938491e-09,0.159493774688,0.0733199680792,46,37,255,0,1.70188077833e-10,0.0,0,1
18.0,180.0,0.0,2.60951924206e-10,1.26756910979e-10,1.25740580474e-09,0.158622334196,0.0770505032921,37,47,255,0,1.26756910979e-10,0.0,1,1
18.0,180.0,0.5,4.15325542022e-10,2.07671489247e-10,1.98363587256e-09,0.159334113144,0.0796704012069,37,51,255,0,2.07671489247e-10,0.0,1,1
18.0,180.0,1.0,4.316127536e-10,2.15564697831e-10,2.06323539293e-09,0.159242439578,0.0795320529415,36,51,255,0,2.15564697831e-10,0.0,1,1
18.0,180.0,2.0,4.47850616924e-10,2.22198898339e-10,2.14648435524e-09,0.159007715694,0.0788909022774,36,50,255,0,2.22198898339e-10,0.0,1,1
18.0,180.0,3.0,4.59528594961e-10,2.25626770998e-10,2.2087578151e-09,0.158791424003,0.0779659778582,36,48,255,0,2.25626770998e-10,0.0,1,1
18.0,180.0,5.0,4.71046280787e-10,2.2542378994e-10,2.27594332665e-09,0.158472667767,0.0758386401229,37,44,255,0,2.2542378994e-10,0.0,0,1
18.0,180.0,8.0,4.67005150307e-10,2.15651533129e-10,2.26872822994e-09,0.158232546419,0.0730679120003,40,38,255,0,2.15651533129e-10,0.0,0,1
18.0,180.0,12.0,4.4464153712e-10,1.98673395198e-10,2.16849315352e-09,0.158133671839,0.0706568119634,43,31,255,0,1.98673395198e-10,0.0,0,1
18.0,180.0,20.0,3.92125340261e-10,1.69725498646e-10,1.91713870771e-09,0.158179505354,0.06846559675,46,24,255,0,1.69725498646e-10,0.0,0,1
18.0,180.0,30.0,3.37617919319e-10,1.4450541822e-10,1.64972886884e-09,0.158368351384,0.0677839757311,47,20,255,0,1.4450541822e-10,0.0,0,1
18.0,180.0,45.0,2.99899690264e-10,1.28581667268e-10,1.46266694807e-09,0.158580736041,0.0679913187599,48,21,255,0,1.28581667268e-10,0.0,0,1
18.0,180.0,60.0,2.98380513953e-10,1.29544454014e-10,1.45143130269e-09,0.15876740276,0.0689302268212,47,24,255,0,1.29544454014e-10,0.0,0,1
18.0,180.0,90.0,3.70212094352e-10,1.70188077833e-10,1.78076938491e-09,0.159493774688,0.0733199680792,46,37,255,0,1.70188077833e-10,0.0,0,1
