depression_deg,azimuth_deg,elevation_deg,X,Y_cd_m2,Z,x,y,preview_R,preview_G,preview_B,gamut_clipped
-5,0,0,1483.0681332098034,1493.420283782592,1032.3734708464349,0.3699474251554529,0.3725297417486468,0.9999999999999999,0.8571026495891656,0.6911876442646295,0
-5,0,0.5,1612.3956173939505,1618.8463313377597,1061.4831160703386,0.37561120105610657,0.3771139094398094,0.9999999999999999,0.8477170239836356,0.6647091228378671,0
-5,0,1,1769.7732768036733,1768.1329358034793,1112.9191933628858,0.38052885720713175,0.3801761583081173,0.9999999999999999,0.8375013909551381,0.6431856827663385,0
-5,0,2,3131.3724780203534,2907.745382059654,1420.9448048086856,0.4197514979007318,0.3897749271926577,0.9999999999999999,0.7346544779987357,0.5042280904873018,0
-5,0,3,13881.673844691686,12771.705484420345,3887.006950072435,0.4545349792825991,0.4181906989540996,0.9999999999999999,0.7053484385925222,0.3444710353892915,0
-5,0,5,169570.47741400587,177886.28157497564,99920.03884766913,0.379032793461767,0.3976207135353647,0.9999999999999999,0.8896065899565314,0.6247257647099049,0
-5,0,8,18650.84698403071,16497.160928747922,5022.999756391357,0.46428626181425525,0.41067331605447843,0.9999999999999999,0.6663952341309991,0.33461418798435605,0
-5,0,12,5222.145118662551,5204.218567689085,2990.516893877014,0.38922200189796685,0.3878858827556468,0.9999999999999999,0.8263312528240362,0.602619410639189,0
-5,0,20,4118.7116137485,4212.353345629739,2995.9143584058666,0.36361959337930905,0.3718867340930045,0.9999999999999999,0.8809859455252741,0.7163905764853923,0
-5,0,30,2790.231846667909,2859.5652044978247,2355.9778842609394,0.34852739043671377,0.3571878084960706,0.9999999999999999,0.9035861273717198,0.7942079096878212,0
-5,0,45,1526.616845829168,1571.2177621118778,1635.2264793136471,0.32254323738607144,0.33196650817435946,0.9999999999999999,0.9522632598166482,0.9403960435658149,0
-5,0,60,853.3236605909917,883.3038876060591,1167.6621672151591,0.2938149235121601,0.304137663304947,0.8804016595116152,0.9051171117760578,0.9999999999999999,0
-5,0,90,508.8765569015576,531.1408610294361,871.4645039820801,0.26622096242074694,0.2778686290152579,0.7174708645897684,0.8217295016729411,0.9999999999999999,0
-5,90,0,331.5626342969932,350.78040117909137,482.7531496806894,0.2845796240010678,0.3010741994077431,0.8234039166563026,0.896441187971908,0.9999999999999999,0
-5,90,0.5,331.6090033351155,350.80233899223924,482.719939039033,0.28461084912785684,0.3010839590375102,0.82359891145091,0.8964675429747873,0.9999999999999999,0
-5,90,1,340.4622828375522,359.8630625216517,490.58627509648875,0.28588375240412645,0.30217444883437533,0.8313261306429275,0.9000843054788213,0.9999999999999999,0
-5,90,2,349.0394261818606,368.6892490036115,499.2988127868755,0.28679666616518623,0.3029424171987055,0.8368784947206815,0.9026447493652389,0.9999999999999999,0
-5,90,3,361.4279079419055,381.54901513595627,512.6235368372952,0.2878526406133427,0.30387772808058555,0.8432956727719579,0.9057990691334737,0.9999999999999999,0
-5,90,5,398.9417184182437,420.9187670890337,553.7526040420676,0.29043237972428504,0.30643182588419327,0.8589622760885449,0.9146027072781343,0.9999999999999999,0
-5,90,8,483.2740816694857,510.7432375753485,655.3345758994028,0.29300847386920004,0.3096629888861186,0.8746055211570045,0.926118670946817,0.9999999999999999,0
-5,90,12,595.362385418259,630.2044871551182,814.3892852363145,0.2918505788170966,0.30893040752001794,0.8674248625830256,0.9236190799157775,0.9999999999999999,0
-5,90,20,709.3295520994939,749.143773294318,1015.2386460996526,0.2867470264419052,0.30284195651203255,0.8365930011553084,0.9022892523073164,0.9999999999999999,0
-5,90,30,723.832974055819,761.383787111912,1074.1123617079074,0.28282137204867464,0.29749350339765146,0.8134952003700606,0.8839811266763044,0.9999999999999999,0
-5,90,45,675.9988104749048,708.2790212442751,1027.536320954279,0.28028644318450924,0.29367064641326474,0.7989360426734876,0.871094264284722,0.9999999999999999,0
-5,90,60,601.9476241134738,628.7077041719576,951.2917162283919,0.2758763672230177,0.28814067956082995,0.7734829942149161,0.8531342097950804,0.9999999999999999,0
-5,90,90,508.87655690198034,531.1408610298693,871.4645039830104,0.26622096242071935,0.27786862901522486,0.7174708645896111,0.8217295016728411,0.9999999999999999,0
-5,180,0,364.92438598942766,387.4965907458708,550.6282143460156,0.28005419019262134,0.29737679390623245,0.7959202895615121,0.8844650023302375,0.9999999999999999,0
-5,180,0.5,373.51440876693994,396.49710185556023,562.3720080894311,0.280335506647539,0.29758481419739413,0.7976366884572547,0.8851211438499546,0.9999999999999999,0
-5,180,1,377.1007158345397,400.3275181153758,569.1810822438196,0.280037209975968,0.29728556998768096,0.7958499614755771,0.8841429661440101,0.9999999999999999,0
-5,180,2,385.1163454595119,408.78425594922237,582.9590388994791,0.27970632167945797,0.2968960989064325,0.7938936268638817,0.8828537797454075,0.9999999999999999,0
-5,180,3,397.25138053165637,421.5826742151161,601.7430776476069,0.2796408385527719,0.2967685911602276,0.7935283922899864,0.8824181807945033,0.9999999999999999,0
-5,180,5,436.54940569968574,463.3750386069964,653.9163807483103,0.2809486008222468,0.29821268120600253,0.801306267846403,0.8871837024784288,0.9999999999999999,0
-5,180,8,537.2589082516209,572.5387487600627,789.1540608037815,0.2829239433584326,0.3015025307850931,0.8126933070725065,0.8984859562379534,0.9999999999999999,0
-5,180,12,682.7383815605262,730.6005267440768,1015.8784273288271,0.28105281958334905,0.3007555215530228,0.800942575929825,0.8963251489679016,0.9999999999999999,0
-5,180,20,836.1387150739095,893.7372752006295,1317.6167792967901,0.27436938437479,0.2932696950504482,0.7611171233311745,0.8717844068363444,0.9999999999999999,0
-5,180,30,863.582220302481,915.7815811501707,1391.0901093666419,0.2723844107480869,0.2888487285763819,0.750657252049483,0.8570085712494395,0.9999999999999999,0
-5,180,45,697.4806823755317,737.9861415753613,1229.4457343715403,0.2617274177335848,0.27692696305199777,0.6884613754080583,0.8206626952217958,0.9999999999999999,0
-5,180,60,585.3467093825603,616.8590246881231,1050.2850899740881,0.25986641238851316,0.2738563984826525,0.6784405272527202,0.8112142444832284,0.9999999999999999,0
-5,180,90,508.87655690198034,531.1408610298693,871.4645039830104,0.26622096242071935,0.27786862901522486,0.7174708645896111,0.8217295016728411,0.9999999999999999,0
-2,0,0,381.08603555652456,383.0071873427509,367.6668860201502,0.3367197982621735,0.33841728854397946,0.9999999999999999,0.8999991625082673,0.8632572281443013,0
-2,0,0.5,417.7149084309433,414.84406673608765,368.20373374172334,0.3478746511128415,0.34548380263498973,0.9999999999999999,0.8704407024092403,0.8070245985345798,0
-2,0,1,490.525478479457,484.40382097216747,385.9016332498478,0.3604602648954221,0.35596179461510813,0.9999999999999999,0.848136234648855,0.7454817241528454,0
-2,0,2,803.3626104968256,795.9416379830755,492.8189254445018,0.3839939352088331,0.38044683405998925,0.9999999999999999,0.8256161856862232,0.6307202088788154,0
-2,0,3,1469.2159306122921,1421.1735696921664,652.6409712241299,0.41467775747873276,0.40111807705650976,0.9999999999999999,0.775972472237924,0.4999654696853217,0
-2,0,5,1052.5608168848346,926.3471941198713,476.61515546951387,0.4286503305102845,0.37725043964866095,0.9999999999999999,0.6811774262673015,0.4993888842346042,0
-2,0,8,915.4600031476308,892.384488358403,599.8431970642248,0.38022373395581566,0.3706396359439466,0.9999999999999999,0.8132463501509059,0.6562291745938726,0
-2,0,12,1189.597386891108,1185.8782061101322,828.1708056079765,0.37132605752231024,0.3701651363973726,0.9999999999999999,0.8451599380551199,0.6887619382744882,0
-2,0,20,1279.8186410583714,1288.0105201152448,1022.3412859106618,0.3564785181989796,0.35876027032680025,0.9999999999999999,0.8729942482846247,0.7588217977479202,0
-2,0,30,982.6719469607162,995.412101215784,958.6860860625807,0.33460975903561047,0.338947910703163,0.9999999999999999,0.9121934647044291,0.8731695000787684,0
-2,0,45,635.6974725551064,652.4747041902563,789.9691560372104,0.305897131502565,0.31397032237293065,0.9544383963130397,0.9400829471326888,0.9999999999999999,0
-2,0,60,420.13839011436534,436.1039056549244,632.6731041671487,0.2821774763914061,0.29290039291254666,0.8111073230913182,0.867635393724242,0.9999999999999999,0
-2,0,90,285.3978746401557,299.2068164660833,502.5490084707181,0.2625184228791313,0.2752203451844144,0.6950692944528596,0.8145073612368288,0.9999999999999999,0
-2,90,0,175.10930846724676,185.8141617866793,269.7681388078827,0.2776464851462544,0.2946196827687131,0.7816821720912885,0.875417576599427,0.9999999999999999,0
-2,90,0.5,175.0809466894786,185.77936801498063,269.8056783976516,0.27761279124674687,0.29457647954216104,0.7814856426632583,0.8752755174013581,0.9999999999999999,0
-2,90,1,178.85236126598534,189.6059313946197,273.6870172933256,0.2785231917037855,0.2952695105851082,0.7870180774605833,0.8774315250522714,0.9999999999999999,0
-2,90,2,182.68639548075475,193.53785134523065,278.2665305837198,0.27912753210026475,0.29570753022861573,0.7906990459942286,0.8787905618877089,0.9999999999999999,0
-2,90,3,188.31659312407672,199.38301814570306,285.2212221062079,0.2798495510672601,0.2962949105698141,0.7950678191528819,0.8806505143253391,0.9999999999999999,0
-2,90,5,205.95268034704637,217.90008925330625,306.33462024106257,0.2820545564225314,0.2984166698641983,0.8082885864621959,0.8875675768679376,0.9999999999999999,0
-2,90,8,249.0295699409669,263.8530363879154,359.21943346100267,0.28555095456601093,0.30254835368976474,0.8291020397361015,0.9015497038923552,0.9999999999999999,0
-2,90,12,310.9163628074361,330.04428863742834,446.96612019030727,0.28578795091155235,0.30336994845835663,0.8303564760060809,0.9044963499820143,0.9999999999999999,0
-2,90,20,378.8251730280171,401.3624152079733,565.8310860623469,0.28144124614429583,0.2981848787626951,0.8044670446049939,0.8869263162185163,0.9999999999999999,0
-2,90,30,390.467414380267,412.0065370247051,604.5325721147126,0.2775164207508411,0.29282489465226774,0.7816906196714416,0.8690816105337554,0.9999999999999999,0
-2,90,45,363.54862915438184,382.02876477463286,577.0916662436947,0.2748598573152614,0.2888317087607303,0.766650159389614,0.855974988210601,0.9999999999999999,0
-2,90,60,332.1311153079531,347.9692079940278,546.4495567704565,0.27078484185929574,0.28369755983627626,0.743316201053809,0.8397315099026962,0.9999999999999999,0
-2,90,90,285.3978746360704,299.2068164593779,502.54900845792986,0.2625184228810672,0.27522034518421573,0.6950692944658409,0.8145073612352058,0.9999999999999999,0
-2,180,0,198.6867273428052,212.23353264688117,310.22983148219174,0.27551369637530326,0.29429869753425303,0.7680325754432384,0.8750176692621385,0.9999999999999999,0
-2,180,0.5,204.2293025680409,218.09918150726278,320.03994701342185,0.2751050475954736,0.2937883298558479,0.765638665846991,0.8733555824167596,0.9999999999999999,0
-2,180,1,206.8655043531122,220.87453803241243,324.92976271529335,0.2748423052860519,0.2934547613515955,0.7641037132898421,0.8722700863744897,0.9999999999999999,0
-2,180,2,212.47008089382228,226.8059945274947,334.98471103847464,0.27441668829092397,0.2929323020019341,0.7616097838946092,0.8705785977479538,0.9999999999999999,0
-2,180,3,219.66379436501825,234.45533901583613,347.00592003116793,0.27419413914152574,0.2926576044742102,0.760307550289433,0.8696906410142051,0.9999999999999999,0
-2,180,5,241.3572245786928,257.6117452592826,378.23803003449257,0.27514283927714017,0.29367269674858415,0.7659460510638487,0.8729338300101622,0.9999999999999999,0
-2,180,8,297.614871503891,318.65281658274216,452.3177488150609,0.27851293984204883,0.29820059826630135,0.78561152845685,0.8879109542909416,0.9999999999999999,0
-2,180,12,384.43843878903033,413.396831282683,581.0862710537314,0.27879645601537295,0.2997972103222623,0.7867191780698205,0.8935447081988781,0.9999999999999999,0
-2,180,20,483.42466417210306,519.5816898096972,764.5385732069869,0.2735006373733151,0.2939567090020575,0.7550337595841605,0.8745072233471732,0.9999999999999999,0
-2,180,30,494.637490009238,528.8378283519421,816.9293722566634,0.26876561037408725,0.28734866361072225,0.7278137702245853,0.8532187607081627,0.9999999999999999,0
-2,180,45,426.1864017483695,452.9732809241177,742.1972911620134,0.2628578460056461,0.2793791177601305,0.6941253359164177,0.8284419985326692,0.9999999999999999,0
-2,180,60,358.42647036535874,379.4621967876791,637.2259572978303,0.2606520678292481,0.27594950271088253,0.6820119382174018,0.817876238210791,0.9999999999999999,0
-2,180,90,285.39787463587726,299.2068164591798,502.54900845750734,0.26251842288108607,0.2752203451842395,0.6950692944659473,0.8145073612352769,0.9999999999999999,0
0,0,0,162.4824481419456,166.97441511062897,187.4599208698721,0.31432999107929327,0.3230199139192127,0.9999999999999999,0.9672988216856436,0.9918133036757416,0
0,0,0.5,155.1756089085007,159.49049674022623,180.4705810800807,0.3133995380824856,0.3221140768096247,0.9999999999999999,0.9695091307456566,0.9977792131443032,0
0,0,1,154.12131062497323,158.41993802386958,179.6735006916007,0.31311802588502735,0.32185126154010757,0.9999999999999999,0.9702257886292677,0.9995892003104295,0
0,0,2,156.16822656059406,160.46537816423648,182.9398649799412,0.31260312252546824,0.3212047634536422,0.9970516397489452,0.9680447105499471,0.9999999999999999,0
0,0,3,163.07002677188925,166.37141859241078,187.2586439570354,0.3155989908692973,0.3219883681671758,0.9999999999999999,0.955869370828936,0.98450659336564,0
0,0,5,196.04969151970843,197.47269107579396,204.90011468355576,0.3276108308279158,0.3299887487079349,0.9999999999999999,0.9177717615403927,0.9139969543463016,0
0,0,8,312.03129384483816,309.0153794657365,264.2631032851216,0.352454363538941,0.3490477431007269,0.9999999999999999,0.8612537778733224,0.7844636859673237,0
0,0,12,466.7079279840581,461.9635911810109,367.5693787849426,0.360047217089162,0.3563871437104017,0.9999999999999999,0.8510650681927835,0.7467013318244263,0
0,0,20,545.987931985185,544.2549739613806,484.14068296057445,0.34679473022466084,0.3456940086241471,0.9999999999999999,0.8759316916710422,0.8115736988761844,0
0,0,30,454.6573779058744,459.03807398650764,491.54215321346106,0.3235448412808661,0.3266622472374931,0.9999999999999999,0.9278622777400085,0.9373599646373284,0
0,0,45,318.7410480253296,327.8195825601354,426.3784922349202,0.29707281731648466,0.3055341869708426,0.9002539018891895,0.9094938614492495,0.9999999999999999,0
0,0,60,231.7471619014302,241.14381408976126,355.30530754347035,0.2798215429225976,0.29116746704124624,0.7970299699686618,0.8623160565850688,0.9999999999999999,0
0,0,90,167.66175055144737,176.03136555815107,288.6487642169813,0.2651441502891706,0.27838005204911903,0.7100678617739027,0.8239862257424331,0.9999999999999999,0
0,90,0,92.7287678339545,97.9992304694992,141.8304325330676,0.2788345121809226,0.29468274258749294,0.7892756681132997,0.8752291107241684,0.9999999999999999,0
0,90,0.5,92.73081367683032,97.99902861519939,141.88333837269883,0.2787947654134075,0.29463362942908033,0.7890432799517132,0.8750676212331999,0.9999999999999999,0
0,90,1,94.57763981161905,99.87102150947429,143.96986858689127,0.2794694481928473,0.2951109726072891,0.7931449644710744,0.8765393113955664,0.9999999999999999,0
0,90,2,96.51910840287559,101.86114164461661,146.46787344225507,0.2798887447208197,0.29537971850858874,0.7957048259544875,0.8773569626045288,0.9999999999999999,0
0,90,3,99.37692695154924,104.82283778474188,150.17148747844652,0.2804316838074946,0.29579949595127597,0.7989884255140638,0.8786764563781878,0.9999999999999999,0
0,90,5,108.50764586895163,114.37028045293954,161.2431436140794,0.2824829314544991,0.2977453969708144,0.8112610789985695,0.8850030140281852,0.9999999999999999,0
0,90,8,132.30848329668137,139.67544464388138,189.62892999609065,0.28662217921762895,0.30258135630842603,0.8358778024592917,0.9013666032170631,0.9999999999999999,0
0,90,12,168.62150068237125,178.5279061609972,239.26888099419463,0.2875447512119184,0.3044378217114012,0.8412019673615736,0.9079505339473186,0.9999999999999999,0
0,90,20,211.06914672995563,223.39534506914285,310.9918292027597,0.28314086390237947,0.2996759686320857,0.8147398711152846,0.8917879949010837,0.9999999999999999,0
0,90,30,220.6987601403766,232.86023402231916,338.1629591526886,0.2787579139572763,0.29411870297040854,0.7890363102195979,0.8732426689119447,0.9999999999999999,0
0,90,45,206.25153911440208,216.82883601134102,325.241428751123,0.27561877529942996,0.2897534655384964,0.7710390784752845,0.8589238354687404,0.9999999999999999,0
0,90,60,191.43250733142963,200.78289157072072,311.99118482355294,0.27184140528568934,0.285119304776236,0.7492929331243383,0.8442201084212589,0.9999999999999999,0
0,90,90,167.66175055144734,176.03136555815107,288.6487642169813,0.26514415028917054,0.27838005204911903,0.7100678617739024,0.8239862257424332,0.9999999999999999,0
0,180,0,103.56221502289631,109.81897669403956,157.894641045279,0.27893605207862576,0.29578810954919754,0.7894355170994605,0.8791435823918966,0.9999999999999999,0
0,180,0.5,108.74977017355717,115.41300861825614,166.02870949283374,0.27870871979202055,0.29578556191892547,0.7879768813123939,0.8792113317170169,0.9999999999999999,0
0,180,1,111.34188412188809,118.15469118618279,170.36060614607769,0.278454131340031,0.2954922323928088,0.7864733916043185,0.8782501085533808,0.9999999999999999,0
0,180,2,114.31257580956652,121.30064444548053,175.44165882828233,0.2780956549268765,0.2950959850324276,0.784350107733041,0.8769591304672241,0.9999999999999999,0
0,180,3,118.50053489067606,125.72880599335498,182.30419458253616,0.2778223165056724,0.2947688646704544,0.7827437621363711,0.8758877747854374,0.9999999999999999,0
0,180,5,130.85388580887295,138.80220368744642,199.63107052237842,0.27883542733975364,0.2957724300019547,0.788796607778492,0.8791215712641511,0.9999999999999999,0
0,180,8,164.1663201003496,174.69623262966562,240.30906066245888,0.2834502180428908,0.3016312066925891,0.816017270742609,0.8988016591260433,0.9999999999999999,0
0,180,12,218.93782445221527,234.35888460175278,315.74822866668796,0.2846879469763068,0.30474016940591336,0.8228845205591301,0.9098159532803822,0.9999999999999999,0
0,180,20,285.7068446443209,306.31872949514803,431.9687595092177,0.2790121343995069,0.2991410395833697,0.7884222194336288,0.8911256229776231,0.9999999999999999,0
0,180,30,296.5837593404648,316.9072697405143,471.74117126371243,0.27329060015567525,0.29201793831758605,0.7547577347428519,0.8677678466021396,0.9999999999999999,0
0,180,45,261.1290984339401,277.4296146295712,435.4878693848933,0.26808686888213806,0.28482171143418256,0.7250045831226147,0.8447702516197659,0.9999999999999999,0
0,180,60,218.09023630922022,230.8024713180607,373.2021660152302,0.26528597039282475,0.28074919175134694,0.7093060118370514,0.8320093732945134,0.9999999999999999,0
0,180,90,167.6617505514474,176.03136555815107,288.6487642169813,0.2651441502891706,0.27838005204911903,0.710067861773903,0.8239862257424331,0.9999999999999999,0
2,0,0,48.551713972984544,50.095872522201056,66.69796083021413,0.2936378678370749,0.30297684656492424,0.8794642762543998,0.900811998730753,0.9999999999999999,0
2,0,0.5,45.67001901813078,47.137413243971345,63.27916258399288,0.2925941145885236,0.30199526929554665,0.8731955274936175,0.8974487447450306,0.9999999999999999,0
2,0,1,45.38136233784799,46.84404296822,63.07306633679085,0.2922202765923665,0.3016387893111249,0.8709548568174461,0.8962315401583704,0.9999999999999999,0
2,0,2,45.69343544140099,47.17381800526427,63.75984372389055,0.29173390982049596,0.3011855474400788,0.8680409565880935,0.8946917285416561,0.9999999999999999,0
2,0,3,46.74873568744678,48.25921268466723,65.25280939233613,0.29170419720688995,0.3011293179806263,0.8678679166070444,0.8944916151582486,0.9999999999999999,0
2,0,5,53.443542195052615,54.93629400885163,71.04997984189674,0.2978520703683422,0.3061714893294472,0.9049815163282807,0.9117086707133811,0.9999999999999999,0
2,0,8,79.11449915992775,80.82613585403134,91.15685077490598,0.3150748360198678,0.32189145821234494,0.9999999999999999,0.9586083348156614,0.9876737798206315,0
2,0,12,117.57002204772185,120.10939559437868,128.46026317693844,0.32110702064502455,0.32804255284676886,0.9999999999999999,0.9462839625402405,0.9502410477613249,0
2,0,20,148.00051418274356,152.0684363181904,175.8012753136992,0.31101024219236306,0.3195586276865029,0.9868161095400846,0.961560369894881,0.9999999999999999,0
2,0,30,137.99071645255825,143.0711407416066,183.60995579140982,0.29696381961701224,0.3078971797801906,0.8994373269933568,0.918505519249534,0.9999999999999999,0
2,0,45,106.87792286116121,111.47705367758887,158.32697339258482,0.28373518529529734,0.29594477170437805,0.8197805138841009,0.8780660860892651,0.9999999999999999,0
2,0,60,85.91968994340017,89.71847169932745,133.34762166690726,0.27807004265079727,0.29036440038867584,0.7863391209277507,0.860133150203087,0.9999999999999999,0
2,0,90,65.9028840968596,68.78062712273167,107.78743381905838,0.2717970356669115,0.2836654392210502,0.7498418384719316,0.8391785480220841,0.9999999999999999,0
2,90,0,31.03076607141709,32.290142341157136,49.212791923632224,0.2757464295469656,0.2869375328873652,0.7732497284712934,0.8489476516633283,0.9999999999999999,0
2,90,0.5,31.041265862065003,32.30017587612671,49.24764577991416,0.2757040362110861,0.28688549297401844,0.7730069745849932,0.8487820119763564,0.9999999999999999,0
2,90,1,31.623149094357892,32.897235594668885,50.05367334624074,0.2760061888060545,0.28712638933101814,0.7748008044717253,0.8495052210716539,0.9999999999999999,0
2,90,2,32.26074472806549,33.55360294271943,51.00900938407404,0.2761497832399749,0.287216561727147,0.7756649352227877,0.8497636351692507,0.9999999999999999,0
2,90,3,33.189243510715194,34.513817909312046,52.36464488551317,0.2764210671790247,0.2874529627598911,0.7772654941645788,0.8504855297635374,0.9999999999999999,0
2,90,5,36.19246892680431,37.62292593465529,56.269971335138386,0.27822090973789193,0.28921720432255055,0.7878002760252065,0.8559998755198137,0.9999999999999999,0
2,90,8,44.6704965932469,46.51415842101359,66.15472647602053,0.28391173379568824,0.29562947292942554,0.8209891435460661,0.876862523418754,0.9999999999999999,0
2,90,12,58.67276027118596,61.363220342015346,84.02056073980681,0.2875318766169072,0.300716752009728,0.842101965900573,0.8942442053072452,0.9999999999999999,0
2,90,20,76.41460156431482,80.14533166676667,111.2695063833074,0.28531068755672934,0.29924018727051444,0.8286022985013088,0.8895253314265782,0.9999999999999999,0
2,90,30,81.62134120011744,85.5340276218455,122.75086497127356,0.2815439327818333,0.295040318735778,0.8063363213805823,0.8755636965187591,0.9999999999999999,0
2,90,45,77.46681063826665,81.02852510298176,119.60694361737731,0.2785551086345812,0.29136231925122674,0.788964335939655,0.8634946768829512,0.9999999999999999,0
2,90,60,72.80844513609044,76.02819443177366,115.41098776945083,0.27553112158373205,0.2877157127118604,0.7714998532698868,0.8517770495250492,0.9999999999999999,0
2,90,90,65.90288420717906,68.78062724921939,107.78743426477509,0.27179703535681865,0.2836654389442306,0.749841836643313,0.839178547194533,0.9999999999999999,0
2,180,0,33.13454134941541,34.3499590386207,51.90764391452276,0.2775269808828222,0.2877070282913454,0.7841125990228132,0.850927386499025,0.9999999999999999,0
2,180,0.5,35.79886298191447,37.17420245309638,55.844526657683566,0.27790352544514546,0.28858016866474734,0.7860867652885436,0.8538672329441459,0.9999999999999999,0
2,180,1,36.9489234393074,38.381181057618264,57.662239035421386,0.2778274482419396,0.2885969224858648,0.785600829494262,0.8539574461706935,0.9999999999999999,0
2,180,2,37.80765780107969,39.27554828947368,59.02611766600687,0.2777741947252708,0.28855883789210784,0.7852828908089275,0.8538439979841664,0.9999999999999999,0
2,180,3,39.38139825613999,40.902753156613706,61.58766389943699,0.27758436846304346,0.2883078155206987,0.7842016524715076,0.8530315553190146,0.9999999999999999,0
2,180,5,43.21107621396593,44.83119999521659,67.2396604170539,0.2782749697279664,0.2887084033677741,0.7883635977461341,0.8541717938684504,0.9999999999999999,0
2,180,8,53.272521501860616,55.11210899072285,78.55327884217219,0.2849744157909877,0.2948150494827234,0.8278582795259997,0.8735321182768037,0.9999999999999999,0
2,180,12,71.88997254055839,74.69620473142619,99.25546488398894,0.29242390308696364,0.30383869907619393,0.8718597980464936,0.9043868758357064,0.9999999999999999,0
2,180,20,99.74444260398111,104.54532987006085,138.18051663434335,0.2912499150325239,0.3052683201869645,0.8643163291827247,0.9100493377362553,0.9999999999999999,0
2,180,30,108.84977868474948,114.37788485151499,158.25649286286335,0.2853323705817691,0.29982342105931953,0.8285594556519741,0.8916474927757181,0.9999999999999999,0
2,180,45,100.56144195611081,105.52254515099744,153.8984325943782,0.279350980638168,0.2931324958549405,0.7932386002001466,0.8695090789902001,0.9999999999999999,0
2,180,60,85.34473152187091,89.33136237774228,135.84267234868594,0.2748456479877515,0.2876842628774022,0.7671511269929454,0.8519457115336037,0.9999999999999999,0
2,180,90,65.90288420721966,68.78062724925958,107.78743426488585,0.2717970353567714,0.28366543894417223,0.7498418366430436,0.8391785471943507,0.9999999999999999,0
4,0,0,10.367287839927624,10.745553570935455,16.54554122225582,0.2752982766394765,0.28534293879857736,0.7712039184039733,0.8435265740229165,0.9999999999999999,0
4,0,0.5,9.568298084915911,9.915100612460726,15.353942639606133,0.27465638070257553,0.2846112886902484,0.7675190675144293,0.8412352333769038,0.9999999999999999,0
4,0,1,9.48741035196621,9.829821974502892,15.252710360205917,0.2744410205696734,0.2843459147038677,0.7662939009583307,0.8403986835367006,0.9999999999999999,0
4,0,2,9.550943640122819,9.894035560904035,15.390911963971105,0.27416963713904685,0.28401844276185073,0.7647473271209042,0.8393703414530232,0.9999999999999999,0
4,0,3,9.771771459462746,10.121802516302504,15.747863643102061,0.2741688358353401,0.2839897375784971,0.7647570939084565,0.8392701667429797,0.9999999999999999,0
4,0,5,10.949298378356248,11.333319632981487,17.145189205016727,0.2777049790842675,0.2874448373654541,0.7853473924370593,0.8499252196953438,0.9999999999999999,0
4,0,8,15.164736733434138,15.729387758197806,21.867448371440936,0.2874201035058175,0.2981220404292874,0.8420792611562111,0.8847532756536353,0.9999999999999999,0
4,0,12,21.435043780267957,22.271225112479122,30.14953422221906,0.2902282945444589,0.3015501040292131,0.8586838543547312,0.8965039980752696,0.9999999999999999,0
4,0,20,26.81024559425745,27.772196352965985,39.252371975263124,0.2857174695993365,0.2959690033158436,0.832119012431683,0.877465169968614,0.9999999999999999,0
4,0,30,25.832022606294974,26.629803336871007,39.32684665708514,0.2814293079364599,0.2901208023003718,0.8074727526506124,0.8579431083200694,0.9999999999999999,0
4,0,45,20.27152309707855,20.74794558012829,32.34134513070277,0.2763263116213266,0.28282054823513003,0.7788495764187928,0.8341981494862065,0.9999999999999999,0
4,0,60,16.3108643970459,16.62267502003573,26.705615747793104,0.2734925461629007,0.27872083321907737,0.7632293454713716,0.8211679346786056,0.9999999999999999,0
4,0,90,12.376188990062035,12.497302439809285,20.963246027283603,0.2700058877800903,0.272648166800504,0.7448212124217877,0.8018749268032902,0.9999999999999999,0
4,90,0,6.104322453302605,6.2135017147447575,10.609784571434314,0.2662433105285364,0.2710052228013215,0.7221895837170131,0.7982507347720883,0.9999999999999999,0
4,90,0.5,6.1089420637569765,6.218007847932716,10.62158769242555,0.266201802012059,0.27095442660440694,0.7219593880645363,0.7980994971225602,0.9999999999999999,0
4,90,1,6.247398776932296,6.3622374791291865,10.844810318854213,0.26636308629058975,0.27125933066924457,0.7227841344587433,0.799055009488819,0.9999999999999999,0
4,90,2,6.394569304135787,6.514272665906055,11.094483637543982,0.2664034729468861,0.27139042199416463,0.7229552770779304,0.7994816015111245,0.9999999999999999,0
4,90,3,6.5957047705687195,6.721622702564319,11.427634876678058,0.26654737547495483,0.2716360044336714,0.7237092040741728,0.800244572854538,0.9999999999999999,0
4,90,5,7.1873705978170594,7.32688529016906,12.326208769412755,0.26778115392409124,0.27297907781001557,0.7306703567146663,0.8041933396425909,0.9999999999999999,0
4,90,8,8.698511302963944,8.864801458133842,14.339628434709622,0.27265546613950054,0.2778678430846003,0.7584578122204949,0.8186061693124376,0.9999999999999999,0
4,90,12,11.155082051990728,11.373994616827545,17.681816015931137,0.27741443442814845,0.28285854546923067,0.7855736232737109,0.8338344108930619,0.9999999999999999,0
4,90,20,14.317803290524848,14.599092917528212,22.562170164501378,0.278128651108526,0.2835928066735797,0.7896642032965756,0.8361043340389472,0.9999999999999999,0
4,90,30,15.260699924648828,15.540423541685977,24.46369208881024,0.27613771567592044,0.281199229303122,0.7784317137033603,0.8285808609940731,0.9999999999999999,0
4,90,45,14.561709885272112,14.805134083226095,23.72878699825092,0.2742543900531347,0.27883902712254677,0.7679027519127489,0.8212088797003545,0.9999999999999999,0
4,90,60,13.694230955161112,13.893519238023536,22.74276033544814,0.27208607286767994,0.2760456647885497,0.7558821602860415,0.8125557654738824,0.9999999999999999,0
4,90,90,12.376188990035606,12.497302439783537,20.963246027203144,0.27000588778029505,0.27264816680073123,0.7448212124229323,0.8018749268039652,0.9999999999999999,0
4,180,0,5.916019381196866,5.964205518180568,10.376372546531401,0.2658096951061285,0.26797472222228186,0.7214184200429408,0.7881371127481799,0.9999999999999999,0
4,180,0.5,6.630495055480624,6.688799133451399,11.522170914694252,0.26691239940243,0.26925944607329094,0.7275252835954122,0.7919113329131975,0.9999999999999999,0
4,180,1,6.766489516826379,6.8261071858320665,11.743349801289055,0.26707072166307727,0.2694238079784592,0.7284152007351331,0.7923861899568634,0.9999999999999999,0
4,180,2,6.932433433473202,6.992866496046649,12.015418991062257,0.26724137656696983,0.2695710368496499,0.7293930724846552,0.7927958810326713,0.9999999999999999,0
4,180,3,7.2386358172638525,7.300874523668896,12.52816991745244,0.2674272692807292,0.2697266427701054,0.730461027177578,0.7932262242801831,0.9999999999999999,0
4,180,5,7.824779267508916,7.891204693828989,13.556552937116384,0.26730786247372007,0.2695770688137958,0.729805813776218,0.7927796441111111,0.9999999999999999,0
4,180,8,9.006444221326657,9.057811976430871,15.521247619380844,0.2681646305014115,0.2696940925986274,0.7350861369048847,0.7927048957266877,0.9999999999999999,0
4,180,12,11.060998488261518,11.056505141799812,18.14935640181397,0.2746923519615291,0.27458076276738413,0.7726607085294387,0.8060958022378787,0.9999999999999999,0
4,180,20,15.121344374801373,15.137479059777636,23.176024933822205,0.2829865684384239,0.283288519046855,0.8193506341642998,0.8327812645035118,0.9999999999999999,0
4,180,30,17.408469466474003,17.50068870290018,26.713763477745847,0.28249990427527216,0.2839964129438203,0.8161859572674439,0.8355442740275733,0.9999999999999999,0
4,180,45,17.04286262538526,17.1839025113663,27.133974456619953,0.2777486506571755,0.28004718693486197,0.7888409930415337,0.823750289578247,0.9999999999999999,0
4,180,60,15.276076368820807,15.425495539754372,25.217262535739348,0.27318302537283984,0.2758550977151624,0.7627783722939996,0.8113319072147988,0.9999999999999999,0
4,180,90,12.376188989984934,12.497302439715344,20.963246027225736,0.27000588777975665,0.2726481667998161,0.7448212124201037,0.8018749268010935,0.9999999999999999,0
6,0,0,1.510338357665281,1.5636056480417284,2.6947170582408977,0.2618178362227523,0.2710517450598218,0.6936319305472962,0.8007654949277996,0.9999999999999999,0
6,0,0.5,1.3692858133060934,1.4176658787435037,2.453628846539351,0.2612851387786858,0.2705169529033165,0.6905466723137298,0.7992412517052437,0.9999999999999999,0
6,0,1,1.3533566301545559,1.400962951995477,2.4288488538093653,0.26110604871825877,0.27029084030454825,0.6895450123239136,0.798573598730297,0.9999999999999999,0
6,0,2,1.359630600077269,1.4071589959977588,2.444842348443588,0.26088384877356385,0.2700035249952276,0.6883077379763017,0.7977232838981089,0.9999999999999999,0
6,0,3,1.3916337458863404,1.4401122396252914,2.501032945621221,0.2609584540926606,0.2700491166468372,0.6887627049906062,0.7978371924191612,0.9999999999999999,0
6,0,5,1.5847632446716466,1.6395720177074042,2.747868764684594,0.265356514527992,0.27453382541479127,0.7141473850218579,0.810761717671657,0.9999999999999999,0
6,0,8,2.2586524358125772,2.3443598874320766,3.605644475230257,0.2751549359734729,0.285596041470224,0.7701729834853831,0.8444775276689633,0.9999999999999999,0
6,0,12,3.097149480382102,3.216629355171478,4.910300061202145,0.27593796416357347,0.28658292451073486,0.7746332376482061,0.8476184466480092,0.9999999999999999,0
6,0,20,3.5223489691881413,3.632475580821334,5.881329063112019,0.2701984859738637,0.27864627010570653,0.7425554540252142,0.8225022270123119,0.9999999999999999,0
6,0,30,3.1291167047825104,3.2059058676402152,5.477748871129066,0.26489268159764434,0.2713932020914715,0.7133171543371519,0.8002975612599189,0.9999999999999999,0
6,0,45,2.2391269172464776,2.265811602907494,4.133216105867792,0.25921357213278906,0.2623027372168026,0.6834262708466874,0.772764735105067,0.9999999999999999,0
6,0,60,1.7313192983802859,1.7413597901191749,3.307997010303399,0.2553313671310673,0.25681211795776754,0.6626830563179963,0.7567909685248918,0.9999999999999999,0
6,0,90,1.1855255364096748,1.1707129144485846,2.406985657440914,0.24889140411094282,0.24578161510578525,0.630324677621334,0.7245783332208943,0.9999999999999999,0
6,90,0,0.6800996345655073,0.6821524091759347,1.389460240699509,0.24715506719616187,0.2479010661954157,0.6166006108577561,0.7327521519856294,0.9999999999999999,0
6,90,0.5,0.6809475944431552,0.6829722862393933,1.3915562088442157,0.24712520534340895,0.24785999371770615,0.6164397348179561,0.7326380560013692,0.9999999999999999,0
6,90,1,0.7046612741908529,0.7077407325278773,1.4331884571410665,0.2476327086207061,0.24871489468231084,0.6190152307413274,0.7350932903961263,0.9999999999999999,0
6,90,2,0.7276764370650671,0.7315082122319767,1.4759317275259458,0.24792081254805787,0.24922630598510417,0.6204522628980406,0.7365748981228132,0.9999999999999999,0
6,90,3,0.7566091725684403,0.7613030415716048,1.52981850251222,0.2482532884005994,0.2497934077351318,0.6221351230764541,0.7382111215736109,0.9999999999999999,0
6,90,5,0.8323278429589039,0.83901670180747,1.6678237812685017,0.24926202026696237,0.25126517140984256,0.6274933532659477,0.7423714392184677,0.9999999999999999,0
6,90,8,0.9921983107449883,1.0021134928607016,1.9465631740733438,0.25177107022292305,0.254287055168366,0.641434701272031,0.7506895197263613,0.9999999999999999,0
6,90,12,1.225885473858388,1.238883968774654,2.3577383305686315,0.2542008290106954,0.256896209822417,0.6551900058804524,0.7577838368805587,0.9999999999999999,0
6,90,20,1.5130852645563453,1.5260470975113298,2.8995169412062816,0.2547860948317299,0.2569687178985338,0.6589784158458548,0.7576564619921723,0.9999999999999999,0
6,90,30,1.586740437915124,1.5956334599583977,3.069562003442146,0.25379985703007735,0.25522229996353774,0.6540236334104484,0.752481791690888,0.9999999999999999,0
6,90,45,1.5014081493266809,1.5053841260435483,2.935198510787046,0.2526776299997684,0.25334676209033474,0.6483062000060812,0.7469906266720413,0.9999999999999999,0
6,90,60,1.3998054450046296,1.3988930728643425,2.763772340316351,0.2516517354773695,0.2514877126602532,0.6432271540398312,0.7415161372859814,0.9999999999999999,0
6,90,90,1.1855255364096748,1.1707129144485846,2.406985657440914,0.24889140411094282,0.24578161510578525,0.630324677621334,0.7245783332208943,0.9999999999999999,0
6,180,0,0.6051261696194089,0.6005927038699558,1.2962349366686965,0.24186144730672707,0.24004947710526012,0.5886851703168939,0.7108886013276768,0.9999999999999999,0
6,180,0.5,0.6913966689193729,0.6864543344449079,1.4706976752597716,0.24271892353735078,0.24098388754812824,0.5935781567961298,0.7133012883809289,0.9999999999999999,0
6,180,1,0.7063083850763419,0.7012242408900131,1.5017237070190455,0.24277970183244296,0.2410321266433184,0.5939442672737425,0.7134140456715298,0.9999999999999999,0
6,180,2,0.7222451082854405,0.7169213670190322,1.5363252851115738,0.2427313420570363,0.24094214494440042,0.5937097360778721,0.7131563303481687,0.9999999999999999,0
6,180,3,0.7380015168026562,0.7324237220380535,1.5713205461730413,0.2426243246357683,0.24079057679527363,0.5931384399910946,0.7127409897798863,0.9999999999999999,0
6,180,5,0.7885908310515198,0.782225936099024,1.6833227368464605,0.24233467252492005,0.24037873457429504,0.5915937696235298,0.7116124519520546,0.9999999999999999,0
6,180,8,0.8891700466770256,0.8811657225685683,1.9144756137289367,0.24130680088142017,0.23913455289460575,0.5858645342945121,0.7083238106350183,0.9999999999999999,0
6,180,12,1.010605870399678,0.9977063118311433,2.2086627573494066,0.23965185586335905,0.23659289564819144,0.577237436869041,0.7013111704184988,0.9999999999999999,0
6,180,20,1.1932897741758535,1.169007093411465,2.5564234018482566,0.2426016745841056,0.23766488626636395,0.5963899929771623,0.7025662592294073,0.9999999999999999,0
6,180,30,1.3400651316007082,1.3123537045339848,2.767983512310217,0.24722613663267398,0.24211370672704646,0.6228477025288798,0.7136983890366985,0.9999999999999999,0
6,180,45,1.3840870477130394,1.3576719134548962,2.8196057308479188,0.2488754333446424,0.2441256757363946,0.631790946093756,0.7191271175280831,0.9999999999999999,0
6,180,60,1.345969217151704,1.3244641937296586,2.7284569122376845,0.2493047897987508,0.24532155951715814,0.6334865840486547,0.7227661801357066,0.9999999999999999,0
6,180,90,1.1855255364096748,1.1707129144485846,2.406985657440914,0.24889140411094282,0.24578161510578525,0.630324677621334,0.7245783332208943,0.9999999999999999,0
9,0,0,0.039538034812480694,0.041286209130928016,0.07936060273102058,0.24682755974315423,0.2577410409789944,0.6038777160370294,0.7650810324458008,0.9999999999999999,0
9,0,0.5,0.03746217968317081,0.03910884044050214,0.07526269160317954,0.24673163329211723,0.2575767923717665,0.6033764452179214,0.7646038474863978,0.9999999999999999,0
9,0,1,0.0372186293528906,0.03884661222212956,0.07484372728210707,0.24662967108421013,0.25741751809932195,0.6028267432439319,0.7641466760891662,0.9999999999999999,0
9,0,2,0.037457502578520506,0.03908657653380467,0.07542985759069039,0.246473200544375,0.2571926304060076,0.6019615126748119,0.7635090546166249,0.9999999999999999,0
9,0,3,0.03849209037022781,0.04015901726285046,0.07728567742700723,0.24684419622602874,0.2575339567721394,0.6042249372796783,0.764396974459184,0.9999999999999999,0
9,0,5,0.04728078866097064,0.04943512908974194,0.08816427952109841,0.2557374416442145,0.2673900710797186,0.6561136636286422,0.7917395434920583,0.9999999999999999,0
9,0,8,0.07642082093121175,0.08055079325730634,0.12909596645399252,0.2671425428899347,0.2815795941518031,0.7209712819361065,0.8340235553107879,0.9999999999999999,0
9,0,12,0.09842102325448544,0.1035464872844906,0.17105953568278673,0.26384420178470014,0.2775843959124957,0.7020692726269003,0.8218890238972496,0.9999999999999999,0
9,0,20,0.09005571805864893,0.09346501154793484,0.16809551984458582,0.2561193295224979,0.26581539304233637,0.6601040658035386,0.7862914730769568,0.9999999999999999,0
9,0,30,0.06972184244921216,0.07150014974539119,0.13831680939450883,0.24941740485707148,0.25577898073158256,0.6240586371716834,0.7570900618241101,0.9999999999999999,0
9,0,45,0.042421525197753586,0.04255846607441097,0.09217366561611257,0.23946175282459423,0.2402347590332312,0.5715917017052239,0.7132373267058797,0.9999999999999999,0
9,0,60,0.031183726008268842,0.03089301806116462,0.07213611625107037,0.23234529041256766,0.23017926886731482,0.5326355823482108,0.6862664342510082,0.9999999999999999,0
9,0,90,0.017030098725746855,0.015892366202825053,0.0467674163663424,0.21370465671447414,0.19942765561428039,0.4338296095600243,0.6042533377782618,0.9999999999999999,0
9,90,0,0.013674165761344335,0.013516011925306319,0.034263694833577926,0.22251105098125837,0.21993751363443037,0.47141780381665815,0.6616199675032347,0.9999999999999999,0
9,90,0.5,0.013694595792746778,0.013534465470820777,0.034325384656124135,0.22247939345622122,0.21987795143958902,0.4712576625490084,0.6614578819865332,0.9999999999999999,0
9,90,1,0.01457632328938978,0.014466597837041961,0.03603115899005591,0.2239958407909421,0.22230967861774806,0.4796107717148937,0.6679010040165964,0.9999999999999999,0
9,90,2,0.01533843639565732,0.015261126793732727,0.037597452721274315,0.22491360055621964,0.2237799790789124,0.4846468987190882,0.6718087638687278,0.9999999999999999,0
9,90,3,0.016245198886314056,0.01620379134803282,0.03949285271068177,0.22581015750079056,0.22523458789364445,0.4895233690642868,0.6756937871260826,0.9999999999999999,0
9,90,5,0.018468641891067318,0.018512300629886475,0.044197571279171836,0.22750652884013176,0.2280443403468397,0.49862855177856896,0.6832541510333363,0.9999999999999999,0
9,90,8,0.022510462869994734,0.02267714868451323,0.053037447758621695,0.22917230111548306,0.23086927962263895,0.5074384413873195,0.6909238862441546,0.9999999999999999,0
9,90,12,0.02750689854778946,0.027722141821736133,0.06456879751149308,0.22961097657796528,0.23140769743498482,0.5100611675560229,0.6922977085613164,0.9999999999999999,0
9,90,20,0.032758891542306746,0.03283762716057473,0.0775703761182321,0.22881610712615402,0.22936606400247214,0.5069097770864524,0.6864266262595656,0.9999999999999999,0
9,90,30,0.03339432526419153,0.03327508273750428,0.07996688227927147,0.22773574808940705,0.22692256244171524,0.502148077692453,0.67951336792687,0.9999999999999999,0
9,90,45,0.030678050284819628,0.030378906534378983,0.07440052045627095,0.22647734847764817,0.2242689524816686,0.49632566097694836,0.6720918004038372,0.9999999999999999,0
9,90,60,0.026738628100897572,0.026263642961854045,0.06571386711991035,0.2252316198136122,0.22123060406028056,0.4912155995480217,0.6634547116290426,0.9999999999999999,0
9,90,90,0.017028620261466027,0.015890896605903298,0.046763734467585305,0.21370388351605937,0.19942580579580896,0.43382642376198666,0.6042481462900227,0.9999999999999999,0
9,180,0,0.013226930049706384,0.01286329233041236,0.034683715061617715,0.21764148591469737,0.21165803750570394,0.44509252313779474,0.6396004712269608,0.9999999999999999,0
9,180,0.5,0.014092533551392275,0.013704565284203,0.036962165356653615,0.21761417037655326,0.21162323962666818,0.4449223779168807,0.6395144747023896,0.9999999999999999,0
9,180,1,0.014274485379426846,0.013880027239042726,0.03745816427432024,0.21755682065450782,0.2115449010215281,0.4445745985822158,0.639317220069521,0.9999999999999999,0
9,180,2,0.014547211181704005,0.014143453399924033,0.0382114434229618,0.21744025137004633,0.21140519815838563,0.44383175330414487,0.6389782269221386,0.9999999999999999,0
9,180,3,0.014890269271326624,0.014477835667865093,0.0391437818990319,0.21733847889033994,0.21131859500602354,0.4431181321728289,0.6387943706019703,0.9999999999999999,0
9,180,5,0.01583311950565429,0.015402730247948951,0.04170656234398842,0.21706328390224777,0.21116288596737404,0.4410399412696392,0.6385459666999922,0.9999999999999999,0
9,180,8,0.01764926807560096,0.017169756159341215,0.04696927618239412,0.21579208744457448,0.20992924503541613,0.43229926429982274,0.6357767852175792,0.9999999999999999,0
9,180,12,0.020260615134698016,0.019558401616243185,0.055503379722129216,0.21254831901358934,0.2051815978186054,0.4126048157036749,0.6237116844207675,0.9999999999999999,0
9,180,20,0.022350349784081666,0.021178514076586726,0.06421898043757704,0.20743199021426378,0.196556267222987,0.38288291537454633,0.601233161665887,0.9999999999999999,0
9,180,30,0.021842806019117502,0.0203668343680458,0.06471371879673708,0.2042846968691796,0.19048068189679981,0.36577325155881796,0.5850087043362439,0.9999999999999999,0
9,180,45,0.020063019485949872,0.018470301746297213,0.05997849907307947,0.2036610370589717,0.18749325399785066,0.3665135238020642,0.5760620881096171,0.9999999999999999,0
9,180,60,0.018461734295523356,0.0170176848614794,0.05363809678606461,0.20716167972318278,0.19095780084749142,0.3924204190538069,0.5835783533627042,0.9999999999999999,0
9,180,90,0.017028620257453053,0.015890896601936037,0.0467637344666744,0.2137038834895431,0.1994258057682732,0.43382642358696905,0.6042481462275294,0.9999999999999999,0
12,0,0,0.0009866509173636084,0.0010145242343746527,0.002031359171344102,0.2446726644621436,0.25158477351760694,0.5954401748010144,0.7464097965290972,0.9999999999999999,0
12,0,0.5,0.0008129237090975296,0.0008348362893381788,0.0016779243475411804,0.24443802373515422,0.2510269173164579,0.5944058830054935,0.7447507563621919,0.9999999999999999,0
12,0,1,0.0007914669267064392,0.0008125219143441313,0.0016356857917472194,0.24430444918566613,0.25080355481329175,0.5937112998379072,0.7441126109890899,0.9999999999999999,0
12,0,2,0.0007896701600033617,0.0008104771370131922,0.0016342784418895697,0.2441453982092124,0.25057837231016283,0.592838147985842,0.7434854845904195,0.9999999999999999,0
12,0,3,0.0008179131573128488,0.0008393481954727365,0.0016761097075348123,0.245371170059367,0.2518016087270104,0.6001320994142997,0.746664669573427,0.9999999999999999,0
12,0,5,0.0011605218760054742,0.0011989357482131834,0.002036832410798592,0.2639775507898038,0.2727153437701886,0.7064890196321821,0.8052752185127057,0.9999999999999999,0
12,0,8,0.001830866083973479,0.001904658164332648,0.0029484972803240556,0.2739168442428244,0.28495691645729737,0.762656267258093,0.8427665375569914,0.9999999999999999,0
12,0,12,0.0017549828234686632,0.0018029372699783072,0.0030944720970804067,0.263812290857965,0.2710208926866317,0.7066261548930791,0.7996058956499761,0.9999999999999999,0
12,0,20,0.0013278438156250482,0.0013424805589558075,0.002772589861344234,0.24395824701054927,0.24664738424408342,0.5959266162860293,0.7308476048412823,0.9999999999999999,0
12,0,30,0.0011329217562538565,0.0011376971729332535,0.002588564635928237,0.23315063962333832,0.23413340074265068,0.533251840463099,0.6982978199190594,0.9999999999999999,0
12,0,45,0.0007512798544653288,0.0007391897869017404,0.0018684265937691507,0.22366867026330176,0.22006925345574502,0.4806069328423686,0.6610700548363927,0.9999999999999999,0
12,0,60,0.0005758363127031112,0.0005594730740673747,0.0014858622028415757,0.21968661456014638,0.2134438951973296,0.4591433439987384,0.6434575046262166,0.9999999999999999,0
12,0,90,0.00031643721915721785,0.0002882070847005076,0.0009734895717960563,0.2005135458017627,0.18262524437675515,0.3461938893512807,0.5637001464713454,0.9999999999999999,0
12,90,0,0.00028189240641811396,0.0002747959624931466,0.0007310675587952104,0.21890204529686938,0.21339133960157017,0.4526783353929134,0.6439800784319981,0.9999999999999999,0
12,90,0.5,0.00028241387790404245,0.0002752592854137762,0.0007327880587921811,0.21884724086654447,0.2133030273964427,0.4523728374850003,0.6437483188443612,0.9999999999999999,0
12,90,1,0.00030385206365721114,0.00029754245124065517,0.0007750855358711931,0.2207457082196321,0.21616183327496385,0.46325422663306665,0.6511583257353666,0.9999999999999999,0
12,90,2,0.00032195297115242185,0.00031611473702872716,0.0008131497219439344,0.2218502647977926,0.21782727416764872,0.4695324001401499,0.655492710847102,0.9999999999999999,0
12,90,3,0.0003431393846611601,0.0003378165187035059,0.0008582228686256918,0.2229366665559169,0.2194784159260885,0.4756537040760342,0.6598095620409693,0.9999999999999999,0
12,90,5,0.0003941194222564304,0.0003900640731746812,0.000967598711557761,0.22498197588950272,0.22266699114678182,0.4869740878405043,0.668225226273609,0.9999999999999999,0
12,90,8,0.0004837347014236564,0.0004815916695999925,0.001167573548185845,0.2267967179645919,0.22579196766929527,0.49649427776428917,0.6766715272560367,0.9999999999999999,0
12,90,12,0.0005900406282654098,0.0005883543623447148,0.0014223227584447674,0.22687607237649385,0.22622768755222455,0.49644776042128597,0.6779908363043612,0.9999999999999999,0
12,90,20,0.000695691072503432,0.0006906657085574047,0.0017018272119648785,0.22527513712737485,0.22364784938889282,0.4877598168939083,0.6710968126064328,0.9999999999999999,0
12,90,30,0.0007011723191803667,0.0006919638559486487,0.001743684179351706,0.22352963827807118,0.220594034006515,0.47863314333946877,0.6628508746582322,0.9999999999999999,0
12,90,45,0.0006340171863135191,0.0006213643727996854,0.0016068198567745877,0.22151382596422234,0.21709316798969994,0.468005724394638,0.6534520664244876,0.9999999999999999,0
12,90,60,0.0005425104386098483,0.0005266632854623866,0.0014093801149770756,0.21888184555956103,0.21248813609164804,0.45409779963830504,0.6411334764745457,0.9999999999999999,0
12,90,90,0.00031643721915721785,0.0002882070847005076,0.0009734895717960563,0.2005135458017627,0.18262524437675515,0.3461938893512807,0.5637001464713454,0.9999999999999999,0
12,180,0,0.00020914128323044591,0.0002005230488837363,0.0005675000024687823,0.2140287726728212,0.20520913605521202,0.4258011898170048,0.6224270623829388,0.9999999999999999,0
12,180,0.5,0.0002769605874181531,0.00026598098959617657,0.0007502217611303232,0.21417293488656913,0.20568243914012355,0.426163141237195,0.6237964424747766,0.9999999999999999,0
12,180,1,0.0002871123032260909,0.00027575840820330744,0.0007778056438669856,0.21415481976082057,0.20568603832976934,0.42599672209392264,0.6238246508912354,0.9999999999999999,0
12,180,2,0.0002956350599130817,0.00028396613431013124,0.0008011120357802337,0.21411764115010595,0.2056662659120188,0.42570708410714875,0.6237963182577035,0.9999999999999999,0
12,180,3,0.00030320343456142357,0.000291301463955398,0.0008215308607251966,0.21412131196723708,0.20571617775480977,0.4256436154918671,0.6239513608205947,0.9999999999999999,0
12,180,5,0.00032155910987394893,0.00030916670186112747,0.000870721446581527,0.21416610413240583,0.2059124622251199,0.42566160387520907,0.6245328944851044,0.9999999999999999,0
12,180,8,0.0003525224411178239,0.00033904858626354037,0.0009575843119176215,0.21375939107572015,0.20558923600711945,0.42268648910739054,0.6238835548364788,0.9999999999999999,0
12,180,12,0.0003910860640640863,0.00037468665809217927,0.0010802023497575414,0.21185880027005427,0.20297492842290898,0.41078297736393765,0.61736414474457,0.9999999999999999,0
12,180,20,0.00042507832688583677,0.0004004167641062051,0.0012324818289131487,0.2065515520482221,0.19456815099979446,0.3787788861388276,0.5957741178221971,0.9999999999999999,0
12,180,30,0.0004186977438298452,0.00038825168255590106,0.001260694656701349,0.20249991149574867,0.18777491045568248,0.3541106425363297,0.5781834596211183,0.9999999999999999,0
12,180,45,0.0003874939125143163,0.0003541171314184232,0.0012026974700441652,0.19929651581977237,0.18213011405998994,0.33452452559026147,0.5634184339535001,0.9999999999999999,0
12,180,60,0.00035182782196124443,0.000319493906219364,0.0010977349784566553,0.19887877004803384,0.18060128034373668,0.33399236680521244,0.558925779745571,0.9999999999999999,0
12,180,90,0.00031643721915721785,0.0002882070847005076,0.0009734895717960562,0.20051354580176273,0.18262524437675515,0.3461938893512808,0.5637001464713454,0.9999999999999999,0
15,0,0,0.0000018842366798036238,0.000001795954390501962,0.000005553756658887945,0.20405537642871066,0.1944947538336148,0.3537550743563413,0.5980098470132518,0.9999999999999999,0
15,0,0.5,0.0000017624745350474166,0.000001679307391648464,0.000005198872341667303,0.20397466213878337,0.19434956422189759,0.35326872053743696,0.5976299213648182,0.9999999999999999,0
15,0,1,0.0000017529681513066621,0.0000016699244277866036,0.000005173305427267679,0.20392365904199913,0.19426314128070415,0.35294795455931627,0.5974066954992784,0.9999999999999999,0
15,0,2,0.0000017754755451516777,0.000001690863776980699,0.000005230973712742621,0.20414069702128362,0.19441220181458044,0.3548524925854246,0.5976647609569686,0.9999999999999999,0
15,0,3,0.000002136205597170954,0.000002038151121027966,0.0000054958666302323586,0.22090550757728808,0.21076567185582104,0.473532039151704,0.633823050808994,0.9999999999999999,0
15,0,5,0.000005842137605174178,0.000005671420453135094,0.00000796114773767894,0.2999859236064895,0.29121982701804955,0.9179721449426282,0.8543080923629034,0.9999999999999999,0
15,0,8,0.000004620804277965928,0.00000413958863002174,0.000006993025097968803,0.29332074323291435,0.26277399790042605,0.8824034270819029,0.752131829010707,0.9999999999999999,0
15,0,12,0.0000024713902154646653,0.0000023458777210874738,0.0000074322097246828685,0.20175474283982622,0.1915083880279479,0.336710142628509,0.590840488767178,0.9999999999999999,0
15,0,20,0.0000024754920747191527,0.0000023129007706579845,0.000007635397976551668,0.19925416567298823,0.186167072820927,0.3232192232342869,0.5764205960033375,0.9999999999999999,0
15,0,30,0.0000022760464929823443,0.0000021030112466955017,0.000007137495644470631,0.19763260908555524,0.18260769316539718,0.3145947717449828,0.5667459390166574,0.9999999999999999,0
15,0,45,0.000001649575995631333,0.0000014787596890470249,0.000005410794998330246,0.19317844601133746,0.17317450030241383,0.2891909435434768,0.5411586240588224,0.9999999999999999,0
15,0,60,0.0000012589717977827952,0.000001105146701258206,0.000004241406626643357,0.1905937489946889,0.16730641095604168,0.27511192009574276,0.5249008561683426,0.9999999999999999,0
15,0,90,7.67990760604097e-7,6.198090081458182e-7,0.0000028457969576085286,0.18140385356559202,0.1464024677378639,0.22100710702346577,0.4655221653064629,0.9999999999999999,0
15,90,0,6.342868908932973e-7,5.540902665173907e-7,0.000002143461528171222,0.190371428736358,0.16630164867079034,0.27552225028842203,0.5218374193643888,0.9999999999999999,0
15,90,0.5,6.357693333109151e-7,5.55135260820791e-7,0.0000021496885155159124,0.19031630385479034,0.16617865229308015,0.27521162493640633,0.5214955677521368,0.9999999999999999,0
15,90,1,6.899259228693186e-7,6.076621519229417e-7,0.000002304480535482739,0.19153603040799558,0.16869810591324352,0.2826798504732681,0.5283780414407888,0.9999999999999999,0
15,90,2,7.345779722363688e-7,6.499011225473506e-7,0.000002437897748755675,0.19217832314936642,0.17002539235392702,0.28655874667028053,0.5319956912384824,0.9999999999999999,0
15,90,3,7.856855085609251e-7,6.981371583420705e-7,0.000002591599645971648,0.19278628035157744,0.17130424892080248,0.2901297565619472,0.535488918202052,0.9999999999999999,0
15,90,5,9.037768697864632e-7,8.094561416135801e-7,0.0000029491187336377175,0.19384570688995567,0.1736154168280206,0.29603932006283673,0.5418345254901007,0.9999999999999999,0
15,90,8,0.0000010986054949038422,9.911581852145265e-7,0.0000035541738081835716,0.19465231448450598,0.1756146639237017,0.29978051078115897,0.5474345695012778,0.9999999999999999,0
15,90,12,0.0000013157070549828097,0.0000011876881782597234,0.00000426175949646822,0.1944829213150995,0.1755596472973063,0.2979008699826431,0.5474465278516436,0.9999999999999999,0
15,90,20,0.0000015078908682445055,0.0000013501439277908166,0.000004943700654731141,0.19327633931708954,0.17305687129626715,0.29077040819531885,0.540662285634377,0.9999999999999999,0
15,90,30,0.000001483647641106631,0.0000013146339672186151,0.000004929946973630247,0.191977712016797,0.170108059470204,0.28378118182578704,0.5325033252060102,0.9999999999999999,0
15,90,45,0.0000013020834667299856,0.0000011387318980710037,0.000004395516838219249,0.19046521264059335,0.1665705914010324,0.2758555876415782,0.5226169431836293,0.9999999999999999,0
15,90,60,0.0000011622297695457698,0.0000010058188073623072,0.0000039777753226627596,0.189108862951138,0.16365890461530205,0.26776725653886435,0.514573870054097,0.9999999999999999,0
15,90,90,7.67990760604097e-7,6.198090081458182e-7,0.0000028457969576085286,0.18140385356559202,0.1464024677378639,0.22100710702346577,0.4655221653064629,0.9999999999999999,0
15,180,0,6.147730524969957e-7,5.326007208062592e-7,0.0000021014318942740175,0.18923047895180803,0.16393738970648705,0.26844050308706435,0.5153546571359674,0.9999999999999999,0
15,180,0.5,6.663748365007621e-7,5.774100508837762e-7,0.000002277328827332719,0.18925115474558638,0.16398506201897595,0.26855376237872414,0.515488453488905,0.9999999999999999,0
15,180,1,6.749926019401197e-7,5.848057909395102e-7,0.0000023072099001662057,0.18923213698607627,0.16394853695171813,0.2684249827159336,0.5153898505474337,0.9999999999999999,0
15,180,2,6.853541249282263e-7,5.936526782294211e-7,0.0000023436010172854324,0.1891880542687066,0.16387439868023354,0.2680908873510512,0.5151964372676592,0.9999999999999999,0
15,180,3,6.980835764400375e-7,6.046334578242886e-7,0.000002387913450119889,0.1891502222706301,0.16382931327929248,0.26774142839993126,0.5150923805660695,0.9999999999999999,0
15,180,5,7.328074336956839e-7,6.34576071001588e-7,0.0000025093930192975786,0.18902493583523805,0.16368652334586592,0.26655898445732845,0.5147695796692455,0.9999999999999999,0
15,180,8,7.949784046203182e-7,6.863762405383947e-7,0.0000027378605361757014,0.18841854952960468,0.162678652554837,0.2618622182651907,0.5121479275482628,0.9999999999999999,0
15,180,12,8.670212081707652e-7,7.417926771740951e-7,0.0000030258518792338753,0.18707308190315045,0.16005311167061465,0.2525824771900996,0.5050122374499554,0.9999999999999999,0
15,180,20,9.547832603490803e-7,7.941907890234601e-7,0.000003442151259859998,0.18392606679152512,0.15299010170511065,0.23338804793062645,0.4850380199274042,0.9999999999999999,0
15,180,30,9.472005312011933e-7,7.689776950362749e-7,0.0000034989989221110985,0.1816238459898017,0.14744996635057328,0.2201564397110698,0.4689055586604927,0.9999999999999999,0
15,180,45,8.694179688923895e-7,6.929262417215442e-7,0.000003266507774054562,0.18004651450340026,0.14349709701634478,0.21144954227572155,0.45713897646329366,0.9999999999999999,0
15,180,60,8.29691862061036e-7,6.611033521816813e-7,0.000003114812155393178,0.18014819663766277,0.14354314189703626,0.21291159723810876,0.45715624884584066,0.9999999999999999,0
15,180,90,7.67990760604097e-7,6.198090081458182e-7,0.0000028457969576085286,0.18140385356559202,0.1464024677378639,0.22100710702346577,0.4655221653064629,0.9999999999999999,0
18,0,0,5.396407073675935e-9,4.489052799408588e-9,1.9950119379851827e-8,0.18087153689650026,0.15045971661390772,0.1939699508886149,0.4804167844134945,0.9999999999999999,0
18,0,0.5,3.3185453485212278e-9,2.7208658144166412e-9,1.2459456199897343e-8,0.1793918126678548,0.14708283275131448,0.18305971124368037,0.4707275701237655,0.9999999999999999,0
18,0,1,3.063050858382443e-9,2.5026299875937997e-9,1.154246273721733e-8,0.17904051620138814,0.14628296608711502,0.1803829465641988,0.4684206854221819,0.9999999999999999,0
18,0,2,3.021299800819679e-9,2.4615948834201993e-9,1.1272632853131051e-8,0.18031660263045016,0.14691240714026735,0.2008101029298846,0.46884538454221253,0.9999999999999999,0
18,0,3,3.667080728829402e-9,2.8985753275034947e-9,1.1494024728368048e-8,0.20305346326696583,0.16049980960676724,0.41587977559446515,0.4853586426005316,0.9999999999999999,0
18,0,5,3.3555688769097692e-9,2.762311936469818e-9,1.2569858224256946e-8,0.17955991734215446,0.14781413261960724,0.18254565647211962,0.473042902503332,0.9999999999999999,0
18,0,8,3.981234418883925e-9,3.281613866935558e-9,1.4969404113367677e-8,0.17907472204793268,0.14760600086815936,0.1740355762125034,0.4729865199280117,0.9999999999999999,0
18,0,12,4.549006310892801e-9,3.685144095479038e-9,1.7401560616939873e-8,0.17744802579324534,0.1437504148852345,0.1615720051877332,0.46176434924810467,0.9999999999999999,0
18,0,20,4.758573870191209e-9,3.745999289670563e-9,1.859573943669155e-8,0.17559110631057498,0.13822716163602436,0.15333956988812295,0.4447425076592102,0.9999999999999999,0
18,0,30,4.053569793342874e-9,3.078255557035815e-9,1.6215853373824876e-8,0.1736176791374428,0.1318441800316841,0.14756009156545796,0.42429293133664486,0.9999999999999999,0
18,0,45,3.1184314462313387e-9,2.321252887823018e-9,1.261286550381406e-8,0.17274188268351306,0.12858310369839165,0.14766515497972746,0.4133723655377607,0.9999999999999999,0
18,0,60,2.290621717328562e-9,1.6586753634399699e-9,9.407637995683432e-9,0.17149306365701264,0.12418083594373268,0.14627865636356935,0.3984065851207968,0.9999999999999999,0
18,0,90,1.403016202641044e-9,9.240360902816355e-10,6.0596775462923895e-9,0.16729002001241944,0.11017835413762629,0.1365207753921028,0.34809890213226935,0.9999999999999999,0
18,90,0,1.130282245703008e-9,8.187982655377494e-10,4.6400187590786065e-9,0.17153820261812883,0.12426558349576414,0.14679075233224453,0.3986621060796885,0.9999999999999999,0
18,90,0.5,1.1349285680609887e-9,8.21602890405919e-10,4.660887307907333e-9,0.17150623349213082,0.12415760879163533,0.1467261279470137,0.3982923717997694,0.9999999999999999,0
18,90,1,1.2291825051141025e-9,9.002139735040755e-10,5.011481942554817e-9,0.17213323524309368,0.12606487891390286,0.14928717434474242,0.40468155993669336,0.9999999999999999,0
18,90,2,1.3095455501279319e-9,9.646346421856666e-10,5.319464944557473e-9,0.17245282423975955,0.12703183053707195,0.15061514776050808,0.40789095660245167,0.9999999999999999,0
18,90,3,1.3997476284920181e-9,1.036807650640428e-9,5.666010044024038e-9,0.17275363698601126,0.127960418619189,0.15174801597736853,0.410966782707714,0.9999999999999999,0
18,90,5,1.6028552438332917e-9,1.1992687259235653e-9,6.448141985351205e-9,0.17327666594798646,0.1296469454763428,0.15327742885039508,0.4165511650188081,0.9999999999999999,0
18,90,8,1.9301125914674658e-9,1.4576546828345012e-9,7.725867977195995e-9,0.17367068000610453,0.13115912569094165,0.1529780377508089,0.4216353047714854,0.9999999999999999,0
18,90,12,2.292528461527857e-9,1.732451137831589e-9,9.183260957412177e-9,0.17356804274377935,0.13116441439608648,0.15063259438716273,0.4218198985347037,0.9999999999999999,0
18,90,20,2.612036052005074e-9,1.951974473738854e-9,1.05415269543652e-8,0.1729191070125499,0.12922244417381382,0.14777209765499758,0.4155203173591211,0.9999999999999999,0
18,90,30,2.5637340039126473e-9,1.8876217963436635e-9,1.0436651255049861e-8,0.1722012888890268,0.12678807776833395,0.14637304620695885,0.4073708211361563,0.9999999999999999,0
18,90,45,1.5288425255913593e-9,1.0094255115447482e-9,6.605349430322049e-9,0.16720324653043078,0.11039673467719548,0.13297463403664242,0.34923882091445463,0.9999999999999999,0
18,90,60,2.0316969228619244e-9,1.4494169371162473e-9,8.414126019806094e-9,0.17079915524148065,0.1218484832390395,0.14480320926932422,0.3903651543499932,0.9999999999999999,0
18,90,90,1.403016202641044e-9,9.240360902816355e-10,6.0596775462923895e-9,0.16729002001241944,0.11017835413762629,0.1365207753921028,0.34809890213226935,0.9999999999999999,0
18,180,0,3.8166729499234003e-10,2.4584236833290305e-10,1.684653734212521e-9,0.16506934388753827,0.10632568986893487,0.10502043022510169,0.3354922558577568,0.9999999999999999,0
18,180,0.5,9.258948608167676e-10,6.574721001940311e-10,3.8499215204361145e-9,0.17041150382101503,0.12100813392094041,0.14104007591662823,0.3876839407059548,0.9999999999999999,0
18,180,1,1.0418629699978718e-9,7.451376581465326e-10,4.311516030459756e-9,0.17083875117860797,0.12218342588197194,0.14361789320317622,0.3916336424014689,0.9999999999999999,0
18,180,2,1.1041448480952785e-9,7.917477199140492e-10,4.561367445407333e-9,0.17099278111786212,0.1226135726715332,0.14449865893032005,0.3930762568394169,0.9999999999999999,0
18,180,3,1.1317379791568699e-9,8.118410834070314e-10,4.674578454623106e-9,0.1710049928877948,0.12266874599142175,0.14443588646739616,0.39327428637872824,0.9999999999999999,0
18,180,5,1.1777330953855225e-9,8.443592953161768e-10,4.867705082886382e-9,0.17093871044836104,0.12255212124202684,0.14362479852365895,0.39292682261027373,0.9999999999999999,0
18,180,8,1.2391597137548996e-9,8.848099690338474e-10,5.137085432537151e-9,0.17065835392702186,0.1218569415850157,0.1414488639050873,0.3906487227552495,0.9999999999999999,0
18,180,12,1.2885748222947876e-9,9.102092437240801e-10,5.378910839006576e-9,0.17004839049936135,0.12011690298067283,0.1381187426932784,0.3847402652301904,0.9999999999999999,0
18,180,20,1.3398544360982726e-9,9.184505826757413e-10,5.686175915048891e-9,0.16865223131116902,0.11560863325450521,0.13385116687630147,0.36875935568975843,0.9999999999999999,0
18,180,30,1.3735769241946162e-9,9.1124195234502e-10,5.920777775131082e-9,0.1673951307264105,0.111051272811403,0.13332791815563708,0.3517190759763281,0.9999999999999999,0
18,180,45,1.317116594359247e-9,8.527908585827879e-10,5.739764697351877e-9,0.16651974561427363,0.10781620810302477,0.13337621303518493,0.33915917849013716,0.9999999999999999,0
18,180,60,1.273424712145298e-9,8.149380836156591e-10,5.578583032432632e-9,0.16609282766320652,0.1062924014173799,0.1330433016883789,0.3331354891488779,0.9999999999999999,0
18,180,90,1.403016202641044e-9,9.240360902816355e-10,6.0596775462923895e-9,0.16729002001241944,0.11017835413762629,0.1365207753921028,0.34809890213226935,0.9999999999999999,0
